city,city_ibge_code,confirmed,confirmed_per_100k_inhabitants,date,death_rate,deaths,estimated_population,estimated_population_2019,is_last,order_for_place,place_type,state
,12,123808,13841.49273,2022-03-27,0.0161,1992,894470.0,881935.0,True,722,state,AC
,13,581070,13809.6363,2022-03-27,0.0244,14151,4207714.0,4144597.0,True,739,state,AM
,16,160328,18604.43527,2022-03-27,0.0132,2122,861773.0,845731.0,True,734,state,AP
,29,1530054,10247.74969,2022-03-27,0.0194,29658,14930634.0,14873064.0,True,746,state,BA
,23,1239746,13494.41712,2022-03-27,0.0215,26708,9187103.0,9132078.0,True,728,state,CE
,32,1037188,25521.03172,2022-03-27,0.0138,14323,4064052.0,4018650.0,True,750,state,ES
,52,1269853,17851.21051,2022-03-27,0.0206,26212,7113540.0,7018354.0,True,732,state,GO
,21,424199,5962.37482,2022-03-27,0.0256,10869,7114598.0,7075181.0,True,736,state,MA
,31,3317401,15580.01708,2022-03-27,0.0183,60767,21292666.0,21168791.0,True,745,state,MG
,51,724653,20550.41943,2022-03-27,0.0205,14854,3526220.0,3484466.0,True,734,state,MT
,15,751293,8644.74795,2022-03-27,0.0241,18079,8690745.0,8602865.0,True,740,state,PA
,25,594891,14727.66042,2022-03-27,0.0171,10189,4039277.0,4018127.0,True,738,state,PB
,26,892115,9276.80315,2022-03-27,0.0239,21366,9616621.0,9557071.0,True,746,state,PE
,41,2407960,20908.16578,2022-03-27,0.0178,42896,11516840.0,11433957.0,True,744,state,PR
,33,2078817,11970.48472,2022-03-27,0.035,72695,17366189.0,17264943.0,True,737,state,RJ
,11,391943,21817.5189,2022-03-27,0.0183,7172,1796460.0,1777225.0,True,717,state,RO
,43,2263880,19818.65842,2022-03-27,0.0172,38985,11422973.0,11377239.0,True,732,state,RS
,42,1671175,23042.73753,2022-03-27,0.013,21648,7252502.0,7164788.0,True,746,state,SC
,28,325274,14027.55365,2022-03-27,0.0194,6309,2318822.0,2298696.0,True,733,state,SE
,35,5232374,11303.62799,2022-03-27,0.0319,167110,46289333.0,45919049.0,True,743,state,SP
,12,123777,13838.02699,2022-03-26,0.0161,1992,894470.0,881935.0,False,721,state,AC
,27,295972,8830.91758,2022-03-26,0.0232,6869,3351543.0,3337357.0,True,746,state,AL
,13,581042,13808.97086,2022-03-26,0.0244,14151,4207714.0,4144597.0,False,738,state,AM
,16,160321,18603.623,2022-03-26,0.0132,2122,861773.0,845731.0,False,733,state,AP
,23,1239702,13493.93819,2022-03-26,0.0215,26699,9187103.0,9132078.0,False,727,state,CE
,32,1037086,25518.52191,2022-03-26,0.0138,14323,4064052.0,4018650.0,False,749,state,ES
,52,1269683,17848.8207,2022-03-26,0.0206,26208,7113540.0,7018354.0,False,731,state,GO
,21,424136,5961.48932,2022-03-26,0.0256,10868,7114598.0,7075181.0,False,735,state,MA
,31,3317059,15578.4109,2022-03-26,0.0183,60741,21292666.0,21168791.0,False,744,state,MG
,50,523565,18636.22546,2022-03-26,0.02,10486,2809394.0,2778986.0,True,722,state,MS
,51,724279,20539.81317,2022-03-26,0.0205,14853,3526220.0,3484466.0,False,733,state,MT
,15,751002,8641.39956,2022-03-26,0.0241,18078,8690745.0,8602865.0,False,739,state,PA
,25,594358,14714.46499,2022-03-26,0.0171,10187,4039277.0,4018127.0,False,737,state,PB
,26,891284,9268.16186,2022-03-26,0.024,21355,9616621.0,9557071.0,False,745,state,PE
Acauã,2200053,228,3210.36328,2022-03-26,0.0088,2,7102.0,7084.0,True,658,city,PI
Agricolândia,2200103,829,16156.6946,2022-03-26,0.0121,10,5131.0,5139.0,True,650,city,PI
Água Branca,2200202,1702,9742.41557,2022-03-26,0.0452,77,17470.0,17411.0,True,699,city,PI
Alagoinha do Piauí,2200251,402,5244.6184,2022-03-26,0.0323,13,7665.0,7651.0,True,664,city,PI
Alegrete do Piauí,2200277,553,11244.4083,2022-03-26,0.0163,9,4918.0,4915.0,True,646,city,PI
Alto Longá,2200301,858,5983.68087,2022-03-26,0.0175,15,14339.0,14304.0,True,680,city,PI
Altos,2200400,5568,13712.59697,2022-03-26,0.0192,107,40605.0,40524.0,True,707,city,PI
Alvorada do Gurguéia,2200459,709,13021.12029,2022-03-26,0.0197,14,5445.0,5419.0,True,698,city,PI
Amarante,2200509,1736,9861.39514,2022-03-26,0.0207,36,17604.0,17598.0,True,690,city,PI
Angical do Piauí,2200608,901,13283.20802,2022-03-26,0.0133,12,6783.0,6788.0,True,704,city,PI
Anísio de Abreu,2200707,291,2928.15456,2022-03-26,0.0515,15,9938.0,9880.0,True,697,city,PI
Antônio Almeida,2200806,409,12902.2082,2022-03-26,0.0269,11,3170.0,3164.0,True,633,city,PI
Aroazes,2200905,699,11995.88124,2022-03-26,0.0215,15,5827.0,5835.0,True,693,city,PI
Aroeiras do Itaim,2200954,188,7369.65896,2022-03-26,0.0106,2,2551.0,2551.0,True,628,city,PI
Arraial,2201002,172,3644.0678,2022-03-26,0.0174,3,4720.0,4727.0,True,576,city,PI
Assunção do Piauí,2201051,410,5214.2948,2022-03-26,0.0244,10,7863.0,7846.0,True,646,city,PI
Avelino Lopes,2201101,527,4653.01077,2022-03-26,0.0436,23,11326.0,11289.0,True,674,city,PI
Baixa Grande do Ribeiro,2201150,2672,22894.35353,2022-03-26,0.0135,36,11671.0,11586.0,True,685,city,PI
Barra D'Alcântara,2201176,156,3947.36842,2022-03-26,0.0321,5,3952.0,3951.0,True,638,city,PI
Barras,2201200,5936,12580.26915,2022-03-26,0.0177,105,47185.0,47066.0,True,695,city,PI
Barreiras do Piauí,2201309,114,3400.95465,2022-03-26,0.0351,4,3352.0,3348.0,True,669,city,PI
Barro Duro,2201408,810,11526.96741,2022-03-26,0.0148,12,7027.0,7032.0,True,667,city,PI
Batalha,2201507,1453,5400.48318,2022-03-26,0.0275,40,26905.0,26857.0,True,688,city,PI
Bela Vista do Piauí,2201556,324,8039.70223,2022-03-26,0.0216,7,4030.0,4015.0,True,677,city,PI
Belém do Piauí,2201572,624,17396.15277,2022-03-26,0.0128,8,3587.0,3566.0,True,673,city,PI
Beneditinos,2201606,1474,14074.28626,2022-03-26,0.0278,41,10473.0,10467.0,True,688,city,PI
Bertolínia,2201705,1140,20700.92609,2022-03-26,0.0105,12,5507.0,5501.0,True,689,city,PI
Betânia do Piauí,2201739,183,2946.8599,2022-03-26,0.0219,4,6210.0,6205.0,True,702,city,PI
Boa Hora,2201770,607,8906.82318,2022-03-26,0.0115,7,6815.0,6781.0,True,693,city,PI
Bocaina,2201804,451,10011.09878,2022-03-26,0.0244,11,4505.0,4500.0,True,670,city,PI
Bom Jesus,2201903,3840,15125.85181,2022-03-26,0.0135,52,25387.0,25179.0,True,698,city,PI
Bom Princípio do Piauí,2201919,240,4247.03592,2022-03-26,0.0542,13,5651.0,5630.0,True,705,city,PI
Bonfim do Piauí,2201929,518,9111.69745,2022-03-26,0.0174,9,5685.0,5670.0,True,707,city,PI
Boqueirão do Piauí,2201945,884,13756.61376,2022-03-26,0.0158,14,6426.0,6407.0,True,655,city,PI
Brasileira,2201960,739,8853.48029,2022-03-26,0.0284,21,8347.0,8329.0,True,666,city,PI
Brejo do Piauí,2201988,160,4158.00416,2022-03-26,0.0312,5,3848.0,3875.0,True,627,city,PI
Buriti dos Lopes,2202000,1494,7542.7879,2022-03-26,0.0248,37,19807.0,19781.0,True,696,city,PI
Buriti dos Montes,2202026,722,8736.68925,2022-03-26,0.0139,10,8264.0,8244.0,True,672,city,PI
Cabeceiras do Piauí,2202059,759,7140.16933,2022-03-26,0.0224,17,10630.0,10586.0,True,673,city,PI
Cajazeiras do Piauí,2202075,83,2322.97789,2022-03-26,0.0241,2,3573.0,3559.0,True,669,city,PI
Cajueiro da Praia,2202083,499,6502.47589,2022-03-26,0.0421,21,7674.0,7642.0,True,658,city,PI
Caldeirão Grande do Piauí,2202091,551,9531.22297,2022-03-26,0.0036,2,5781.0,5776.0,True,669,city,PI
Campinas do Piauí,2202109,254,4519.57295,2022-03-26,0.0079,2,5620.0,5613.0,True,664,city,PI
Campo Alegre do Fidalgo,2202117,404,7970.01381,2022-03-26,0.005,2,5069.0,5045.0,True,665,city,PI
Campo Grande do Piauí,2202133,518,8683.98994,2022-03-26,0.0212,11,5965.0,5943.0,True,677,city,PI
Campo Largo do Piauí,2202174,519,7098.89208,2022-03-26,0.0154,8,7311.0,7279.0,True,670,city,PI
Campo Maior,2202208,6817,14537.35099,2022-03-26,0.0246,168,46893.0,46833.0,True,719,city,PI
Canavieira,2202251,305,7733.26572,2022-03-26,0.023,7,3944.0,3950.0,True,560,city,PI
Canto do Buriti,2202307,1604,7545.39467,2022-03-26,0.0312,50,21258.0,21187.0,True,697,city,PI
Capitão de Campos,2202406,852,7444.29882,2022-03-26,0.0352,30,11445.0,11417.0,True,673,city,PI
Capitão Gervásio Oliveira,2202455,144,3500.24307,2022-03-26,0.0764,11,4114.0,4100.0,True,671,city,PI
Caracol,2202505,442,4031.37541,2022-03-26,0.0385,17,10964.0,10916.0,True,709,city,PI
Caraúbas do Piauí,2202539,194,3293.71817,2022-03-26,0.0619,12,5890.0,5868.0,True,664,city,PI
Caridade do Piauí,2202554,749,14729.59685,2022-03-26,0.0067,5,5085.0,5067.0,True,654,city,PI
Castelo do Piauí,2202604,2249,11407.5577,2022-03-26,0.0173,39,19715.0,19716.0,True,699,city,PI
Caxingó,2202653,157,2880.20547,2022-03-26,0.0127,2,5451.0,5424.0,True,659,city,PI
Cocal,2202703,1568,5631.17256,2022-03-26,0.0319,50,27845.0,27787.0,True,688,city,PI
Cocal de Telha,2202711,625,12757.70565,2022-03-26,0.0208,13,4899.0,4891.0,True,684,city,PI
Cocal dos Alves,2202729,425,6890.40208,2022-03-26,0.0165,7,6168.0,6153.0,True,690,city,PI
Coivaras,2202737,340,8432.53968,2022-03-26,0.0176,6,4032.0,4020.0,True,685,city,PI
Colônia do Gurguéia,2202752,690,10589.3186,2022-03-26,0.0203,14,6516.0,6484.0,True,702,city,PI
Colônia do Piauí,2202778,770,10050.90719,2022-03-26,0.0065,5,7661.0,7656.0,True,690,city,PI
Conceição do Canindé,2202802,527,10963.1787,2022-03-26,0.0133,7,4807.0,4803.0,True,629,city,PI
Coronel José Dias,2202851,131,2796.15795,2022-03-26,0.0458,6,4685.0,4682.0,True,639,city,PI
Corrente,2202901,2065,7731.47628,2022-03-26,0.0169,35,26709.0,26644.0,True,695,city,PI
Cristalândia do Piauí,2203008,70,841.04289,2022-03-26,0.0571,4,8323.0,8294.0,True,603,city,PI
Cristino Castro,2203107,1059,10139.79318,2022-03-26,0.0123,13,10444.0,10423.0,True,669,city,PI
Curimatá,2203206,1212,10607.38666,2022-03-26,0.0149,18,11426.0,11388.0,True,673,city,PI
Currais,2203230,386,7769.72625,2022-03-26,0.0078,3,4968.0,4954.0,True,685,city,PI
Curralinhos,2203255,509,11415.1155,2022-03-26,0.0059,3,4459.0,4443.0,True,664,city,PI
Curral Novo do Piauí,2203271,309,5757.40637,2022-03-26,0.0065,2,5367.0,5343.0,True,666,city,PI
Demerval Lobão,2203305,3806,27500.0,2022-03-26,0.0102,39,13840.0,13817.0,True,706,city,PI
Dirceu Arcoverde,2203354,308,4381.84664,2022-03-26,0.0325,10,7029.0,7011.0,True,676,city,PI
Dom Expedito Lopes,2203404,655,9462.58307,2022-03-26,0.0183,12,6922.0,6904.0,True,681,city,PI
Domingos Mourão,2203420,276,6338.99862,2022-03-26,0.0145,4,4354.0,4355.0,True,669,city,PI
Dom Inocêncio,2203453,321,3355.98536,2022-03-26,0.0218,7,9565.0,9556.0,True,674,city,PI
Elesbão Veloso,2203503,716,4912.52144,2022-03-26,0.0461,33,14575.0,14602.0,True,696,city,PI
Eliseu Martins,2203602,301,6105.47667,2022-03-26,0.0532,16,4930.0,4915.0,True,621,city,PI
Esperantina,2203701,2945,7390.58422,2022-03-26,0.0316,93,39848.0,39737.0,True,705,city,PI
Fartura do Piauí,2203750,189,3553.29949,2022-03-26,0.0317,6,5319.0,5307.0,True,695,city,PI
Flores do Piauí,2203800,188,4213.35724,2022-03-26,0.0266,5,4462.0,4463.0,True,655,city,PI
Floresta do Piauí,2203859,101,3945.3125,2022-03-26,0.0396,4,2560.0,2558.0,True,651,city,PI
Floriano,2203909,9801,16328.19658,2022-03-26,0.0184,180,60025.0,59935.0,True,703,city,PI
Francinópolis,2204006,76,1421.35777,2022-03-26,0.0789,6,5347.0,5348.0,True,705,city,PI
Francisco Ayres,2204105,436,10085.58871,2022-03-26,0.0161,7,4323.0,4348.0,True,692,city,PI
Francisco Macedo,2204154,501,15656.25,2022-03-26,0.012,6,3200.0,3184.0,True,610,city,PI
Francisco Santos,2204204,692,7383.69612,2022-03-26,0.0116,8,9372.0,9319.0,True,689,city,PI
Fronteiras,2204303,1091,9357.57784,2022-03-26,0.0101,11,11659.0,11625.0,True,684,city,PI
Geminiano,2204352,517,9468.86447,2022-03-26,0.0116,6,5460.0,5442.0,True,642,city,PI
Gilbués,2204402,908,8490.74247,2022-03-26,0.0077,7,10694.0,10690.0,True,667,city,PI
Guadalupe,2204501,1474,14042.10727,2022-03-26,0.019,28,10497.0,10499.0,True,666,city,PI
Guaribas,2204550,108,2364.2732,2022-03-26,0.0185,2,4568.0,4562.0,True,622,city,PI
Hugo Napoleão,2204600,811,20907.45037,2022-03-26,0.0111,9,3879.0,3877.0,True,673,city,PI
Ilha Grande,2204659,1292,13661.83779,2022-03-26,0.0163,21,9457.0,9426.0,True,698,city,PI
Inhuma,2204709,1778,11606.50173,2022-03-26,0.0157,28,15319.0,15308.0,True,706,city,PI
Ipiranga do Piauí,2204808,846,8599.3088,2022-03-26,0.0225,19,9838.0,9811.0,True,684,city,PI
Isaías Coelho,2204907,914,10670.09106,2022-03-26,0.0098,9,8566.0,8549.0,True,664,city,PI
Itainópolis,2205003,1394,12068.2192,2022-03-26,0.0093,13,11551.0,11530.0,True,668,city,PI
Itaueira,2205102,206,1867.97243,2022-03-26,0.1311,27,11028.0,11019.0,True,702,city,PI
Jacobina do Piauí,2205151,402,7016.9314,2022-03-26,0.01,4,5729.0,5741.0,True,634,city,PI
Jaicós,2205201,2513,13109.02452,2022-03-26,0.0167,42,19170.0,19104.0,True,673,city,PI
Jardim do Mulato,2205250,278,6159.98227,2022-03-26,0.0144,4,4513.0,4504.0,True,593,city,PI
Jatobá do Piauí,2205276,385,7897.4359,2022-03-26,0.026,10,4875.0,4865.0,True,654,city,PI
Jerumenha,2205300,211,4744.77176,2022-03-26,0.0332,7,4447.0,4452.0,True,659,city,PI
João Costa,2205359,319,10615.6406,2022-03-26,0.0125,4,3005.0,3008.0,True,597,city,PI
Joaquim Pires,2205409,1682,11700.05565,2022-03-26,0.019,32,14376.0,14354.0,True,672,city,PI
Joca Marques,2205458,613,11214.78229,2022-03-26,0.0131,8,5466.0,5443.0,True,645,city,PI
José de Freitas,2205508,6718,17078.50315,2022-03-26,0.0131,88,39336.0,39208.0,True,698,city,PI
Juazeiro do Piauí,2205516,532,9699.17958,2022-03-26,0.0075,4,5485.0,5478.0,True,673,city,PI
Júlio Borges,2205524,150,2659.57447,2022-03-26,0.1,15,5640.0,5627.0,True,690,city,PI
Jurema,2205532,307,6426.62759,2022-03-26,0.0228,7,4777.0,4763.0,True,632,city,PI
Lagoa Alegre,2205557,374,4360.49901,2022-03-26,0.0348,13,8577.0,8542.0,True,644,city,PI
Lagoa de São Francisco,2205573,605,8927.25395,2022-03-26,0.0066,4,6777.0,6758.0,True,662,city,PI
Lagoa do Barro do Piauí,2205565,1065,22873.71134,2022-03-26,0.0085,9,4656.0,4655.0,True,703,city,PI
Lagoa do Piauí,2205581,1057,25938.65031,2022-03-26,0.0057,6,4075.0,4064.0,True,679,city,PI
Lagoa do Sítio,2205599,97,1866.10235,2022-03-26,0.134,13,5198.0,5177.0,True,676,city,PI
Lagoinha do Piauí,2205540,395,13820.85374,2022-03-26,0.0228,9,2858.0,2845.0,True,656,city,PI
Landri Sales,2205607,1211,22922.58187,2022-03-26,0.019,23,5283.0,5295.0,True,677,city,PI
Luís Correia,2205706,2148,7056.96826,2022-03-26,0.0307,66,30438.0,30311.0,True,705,city,PI
Luzilândia,2205805,2755,10802.2271,2022-03-26,0.0221,61,25504.0,25486.0,True,699,city,PI
Madeiro,2205854,412,4938.86358,2022-03-26,0.0146,6,8342.0,8310.0,True,668,city,PI
Manoel Emídio,2205904,504,9418.80022,2022-03-26,0.0377,19,5351.0,5349.0,True,698,city,PI
Marcolândia,2205953,993,11623.55145,2022-03-26,0.0211,21,8543.0,8492.0,True,682,city,PI
Marcos Parente,2206001,396,8709.03893,2022-03-26,0.0227,9,4547.0,4549.0,True,688,city,PI
Massapê do Piauí,2206050,344,5334.16033,2022-03-26,0.0087,3,6449.0,6441.0,True,645,city,PI
Matias Olímpio,2206100,728,6643.54809,2022-03-26,0.0192,14,10958.0,10936.0,True,679,city,PI
Miguel Alves,2206209,2294,6780.36237,2022-03-26,0.0166,38,33833.0,33760.0,True,702,city,PI
Miguel Leão,2206308,289,23268.9211,2022-03-26,0.0104,3,1242.0,1246.0,True,637,city,PI
Milton Brandão,2206357,322,4872.88136,2022-03-26,0.0093,3,6608.0,6613.0,True,666,city,PI
Monsenhor Gil,2206407,1819,17218.85649,2022-03-26,0.0242,44,10564.0,10564.0,True,695,city,PI
Monsenhor Hipólito,2206506,786,10119.73735,2022-03-26,0.0076,6,7767.0,7749.0,True,690,city,PI
Monte Alegre do Piauí,2206605,1192,11229.39237,2022-03-26,0.0159,19,10615.0,10613.0,True,651,city,PI
Morro Cabeça no Tempo,2206654,166,3664.45916,2022-03-26,0.0241,4,4530.0,4532.0,True,694,city,PI
Morro do Chapéu do Piauí,2206670,1147,16840.40523,2022-03-26,0.0061,7,6811.0,6796.0,True,683,city,PI
Murici dos Portelas,2206696,330,3583.45097,2022-03-26,0.0333,11,9209.0,9159.0,True,646,city,PI
Nazaré do Piauí,2206704,455,6214.14914,2022-03-26,0.033,15,7322.0,7339.0,True,699,city,PI
Nazária,2206720,454,5277.84236,2022-03-26,0.0419,19,8602.0,8570.0,True,701,city,PI
Nossa Senhora de Nazaré,2206753,596,12185.64711,2022-03-26,0.0319,19,4891.0,4870.0,True,648,city,PI
Nossa Senhora dos Remédios,2206803,947,10856.35676,2022-03-26,0.0169,16,8723.0,8692.0,True,673,city,PI
Nova Santa Rita,2207959,151,3445.12891,2022-03-26,0.0265,4,4383.0,4374.0,True,674,city,PI
Novo Oriente do Piauí,2206902,426,6497.86455,2022-03-26,0.0305,13,6556.0,6565.0,True,641,city,PI
Novo Santo Antônio,2206951,281,9357.30936,2022-03-26,0.0178,5,3003.0,2991.0,True,669,city,PI
Oeiras,2207009,6021,16235.6748,2022-03-26,0.0151,91,37085.0,37029.0,True,697,city,PI
Olho D'Água do Piauí,2207108,291,11790.92382,2022-03-26,0.0103,3,2468.0,2459.0,True,674,city,PI
Padre Marcos,2207207,529,7696.78452,2022-03-26,0.017,9,6873.0,6868.0,True,672,city,PI
Paes Landim,2207306,240,5816.77169,2022-03-26,0.0333,8,4126.0,4129.0,True,651,city,PI
Pajeú do Piauí,2207355,104,3055.22914,2022-03-26,0.0865,9,3404.0,3389.0,True,642,city,PI
Palmeira do Piauí,2207405,237,4706.11597,2022-03-26,0.0253,6,5036.0,5043.0,True,650,city,PI
Palmeirais,2207504,332,2275.99918,2022-03-26,0.0723,24,14587.0,14539.0,True,694,city,PI
Paquetá,2207553,196,4978.40996,2022-03-26,0.0459,9,3937.0,3945.0,True,631,city,PI
Parnaguá,2207603,327,3022.46049,2022-03-26,0.0306,10,10819.0,10791.0,True,672,city,PI
Parnaíba,2207702,19497,12703.11828,2022-03-26,0.0247,482,153482.0,153078.0,True,725,city,PI
Passagem Franca do Piauí,2207751,258,5968.07772,2022-03-26,0.0426,11,4323.0,4313.0,True,674,city,PI
Patos do Piauí,2207777,453,7071.49547,2022-03-26,0.0265,12,6406.0,6392.0,True,652,city,PI
Pau D'Arco do Piauí,2207793,458,11266.91267,2022-03-26,0.0109,5,4065.0,4045.0,True,678,city,PI
Paulistana,2207801,1308,6363.72482,2022-03-26,0.0138,18,20554.0,20523.0,True,673,city,PI
Pavussu,2207850,502,13682.20223,2022-03-26,0.0299,15,3669.0,3677.0,True,677,city,PI
Pedro II,2207900,5046,13012.53288,2022-03-26,0.0228,115,38778.0,38742.0,True,703,city,PI
Pedro Laurentino,2207934,80,3144.65409,2022-03-26,0.025,2,2544.0,2536.0,True,672,city,PI
Picos,2208007,11630,14828.32043,2022-03-26,0.0156,182,78431.0,78222.0,True,707,city,PI
Pimenteiras,2208106,1332,10972.89727,2022-03-26,0.0233,31,12139.0,12127.0,True,709,city,PI
Pio IX,2208205,1708,9252.93895,2022-03-26,0.0135,23,18459.0,18425.0,True,695,city,PI
Piracuruca,2208304,3021,10462.70001,2022-03-26,0.0351,106,28874.0,28791.0,True,716,city,PI
Piripiri,2208403,13766,21581.19993,2022-03-26,0.0152,209,63787.0,63742.0,True,697,city,PI
Porto,2208502,553,4386.10406,2022-03-26,0.0271,15,12608.0,12568.0,True,689,city,PI
Porto Alegre do Piauí,2208551,186,6838.23529,2022-03-26,0.0215,4,2720.0,2710.0,True,620,city,PI
Prata do Piauí,2208601,265,8412.69841,2022-03-26,0.0189,5,3150.0,3151.0,True,652,city,PI
Queimada Nova,2208650,750,8317.62227,2022-03-26,0.008,6,9017.0,8992.0,True,694,city,PI
Redenção do Gurguéia,2208700,890,10118.23556,2022-03-26,0.0236,21,8796.0,8778.0,True,684,city,PI
Regeneração,2208809,1071,5956.94977,2022-03-26,0.0243,26,17979.0,17978.0,True,689,city,PI
Riacho Frio,2208858,138,3202.59921,2022-03-26,0.0362,5,4309.0,4312.0,True,605,city,PI
Ribeira do Piauí,2208874,46,1024.95544,2022-03-26,0.1522,7,4488.0,4477.0,True,704,city,PI
Ribeiro Gonçalves,2208908,968,13123.64425,2022-03-26,0.0165,16,7376.0,7341.0,True,679,city,PI
Rio Grande do Piauí,2209005,484,7523.70589,2022-03-26,0.0186,9,6433.0,6432.0,True,697,city,PI
Santa Cruz do Piauí,2209104,877,14038.73859,2022-03-26,0.0171,15,6247.0,6240.0,True,672,city,PI
Santa Cruz dos Milagres,2209153,289,7165.88148,2022-03-26,0.0069,2,4033.0,4019.0,True,631,city,PI
Santa Filomena,2209203,148,2366.48545,2022-03-26,0.027,4,6254.0,6253.0,True,664,city,PI
Santa Luz,2209302,260,4420.26522,2022-03-26,0.0308,8,5882.0,5860.0,True,686,city,PI
Santana do Piauí,2209351,285,6139.595,2022-03-26,0.0246,7,4642.0,4634.0,True,665,city,PI
Santa Rosa do Piauí,2209377,193,3672.69267,2022-03-26,0.0311,6,5255.0,5257.0,True,642,city,PI
Santo Antônio de Lisboa,2209401,125,1940.69244,2022-03-26,0.04,5,6441.0,6415.0,True,672,city,PI
Santo Antônio dos Milagres,2209450,266,12280.70175,2022-03-26,0.0113,3,2166.0,2161.0,True,652,city,PI
Santo Inácio do Piauí,2209500,283,7441.49356,2022-03-26,0.0212,6,3803.0,3798.0,True,647,city,PI
São Braz do Piauí,2209559,106,2381.48731,2022-03-26,0.1226,13,4451.0,4448.0,True,625,city,PI
São Félix do Piauí,2209609,426,14529.33151,2022-03-26,0.0094,4,2932.0,2942.0,True,632,city,PI
São Francisco de Assis do Piauí,2209658,142,2457.17252,2022-03-26,0.0211,3,5779.0,5755.0,True,668,city,PI
São Francisco do Piauí,2209708,229,3566.97819,2022-03-26,0.0437,10,6420.0,6423.0,True,696,city,PI
São Gonçalo do Gurguéia,2209757,231,7556.42787,2022-03-26,0.0216,5,3057.0,3041.0,True,642,city,PI
São Gonçalo do Piauí,2209807,469,9324.05567,2022-03-26,0.0171,8,5030.0,5015.0,True,690,city,PI
São João da Canabrava,2209856,622,13480.71088,2022-03-26,0.0129,8,4614.0,4608.0,True,677,city,PI
São João da Fronteira,2209872,267,4403.0343,2022-03-26,0.0262,7,6064.0,6042.0,True,684,city,PI
São João da Serra,2209906,431,7040.18295,2022-03-26,0.0394,17,6122.0,6139.0,True,657,city,PI
São João da Varjota,2209955,362,7466.9967,2022-03-26,0.0055,2,4848.0,4840.0,True,634,city,PI
São João do Arraial,2209971,930,11570.0423,2022-03-26,0.0108,10,8038.0,7989.0,True,662,city,PI
São João do Piauí,2210003,3644,17636.24044,2022-03-26,0.0104,38,20662.0,20601.0,True,691,city,PI
São José do Divino,2210052,356,6649.23422,2022-03-26,0.0365,13,5354.0,5346.0,True,726,city,PI
São José do Peixe,2210102,306,8179.63111,2022-03-26,0.0098,3,3741.0,3745.0,True,685,city,PI
São José do Piauí,2210201,250,3731.34328,2022-03-26,0.036,9,6700.0,6705.0,True,705,city,PI
São Julião,2210300,362,5681.99655,2022-03-26,0.0387,14,6371.0,6363.0,True,692,city,PI
São Lourenço do Piauí,2210359,69,1507.53769,2022-03-26,0.0435,3,4577.0,4573.0,True,693,city,PI
São Luis do Piauí,2210375,189,7142.85714,2022-03-26,0.0053,1,2646.0,2644.0,True,685,city,PI
São Miguel da Baixa Grande,2210383,196,7986.96007,2022-03-26,0.0153,3,2454.0,2452.0,True,690,city,PI
São Miguel do Fidalgo,2210391,216,7109.94075,2022-03-26,0.0185,4,3038.0,3039.0,True,631,city,PI
São Miguel do Tapuio,2210409,666,3775.72425,2022-03-26,0.021,14,17639.0,17662.0,True,664,city,PI
São Pedro do Piauí,2210508,2077,14500.13963,2022-03-26,0.0154,32,14324.0,14291.0,True,694,city,PI
São Raimundo Nonato,2210607,4345,12458.06692,2022-03-26,0.0157,68,34877.0,34710.0,True,708,city,PI
Sebastião Barros,2210623,25,724.4277,2022-03-26,0.12,3,3451.0,3469.0,True,638,city,PI
Sebastião Leal,2210631,570,13246.57216,2022-03-26,0.0158,9,4303.0,4294.0,True,628,city,PI
Sigefredo Pacheco,2210656,464,4613.24319,2022-03-26,0.0323,15,10058.0,10041.0,True,678,city,PI
Simões,2210706,994,6785.44611,2022-03-26,0.0151,15,14649.0,14633.0,True,664,city,PI
Simplício Mendes,2210805,2000,15691.19724,2022-03-26,0.025,50,12746.0,12711.0,True,683,city,PI
Socorro do Piauí,2210904,218,4777.55862,2022-03-26,0.0321,7,4563.0,4569.0,True,679,city,PI
Sussuapara,2210938,558,8245.89922,2022-03-26,0.0251,14,6767.0,6730.0,True,658,city,PI
Tamboril do Piauí,2210953,56,1911.91533,2022-03-26,0.1429,8,2929.0,2919.0,True,629,city,PI
Tanque do Piauí,2210979,422,15218.17526,2022-03-26,0.0024,1,2773.0,2765.0,True,643,city,PI
Teresina,2211001,119192,13730.61083,2022-03-26,0.0232,2760,868075.0,864845.0,True,734,city,PI
União,2211100,2577,5782.04582,2022-03-26,0.0279,72,44569.0,44485.0,True,704,city,PI
Uruçuí,2211209,4084,18859.38582,2022-03-26,0.0169,69,21655.0,21558.0,True,695,city,PI
Valença do Piauí,2211308,2193,10478.28372,2022-03-26,0.0342,75,20929.0,20918.0,True,691,city,PI
Várzea Branca,2211357,204,4131.22722,2022-03-26,0.0588,12,4938.0,4947.0,True,666,city,PI
Várzea Grande,2211407,561,12790.69767,2022-03-26,0.0018,1,4386.0,4391.0,True,697,city,PI
Vera Mendes,2211506,400,12987.01299,2022-03-26,0.0075,3,3080.0,3077.0,True,681,city,PI
Vila Nova do Piauí,2211605,349,11822.49322,2022-03-26,0.0086,3,2952.0,2971.0,True,689,city,PI
Wall Ferraz,2211704,335,7492.73093,2022-03-26,0.009,3,4471.0,4462.0,True,642,city,PI
,22,367515,11199.6721,2022-03-26,0.021,7721,3281480.0,3273227.0,True,738,state,PI
,41,2407125,20900.91553,2022-03-26,0.0178,42894,11516840.0,11433957.0,False,743,state,PR
,33,2078648,11969.51156,2022-03-26,0.035,72650,17366189.0,17264943.0,False,736,state,RJ
,24,495749,14027.33036,2022-03-26,0.0164,8119,3534165.0,3506853.0,True,695,state,RN
,11,391787,21808.83515,2022-03-26,0.0183,7172,1796460.0,1777225.0,False,716,state,RO
,14,155062,24566.96257,2022-03-26,0.0138,2144,631181.0,605761.0,True,720,state,RR
,43,2262947,19810.49067,2022-03-26,0.0172,38985,11422973.0,11377239.0,False,731,state,RS
,42,1670970,23039.91092,2022-03-26,0.013,21648,7252502.0,7164788.0,False,745,state,SC
,28,325084,14019.35983,2022-03-26,0.0194,6307,2318822.0,2298696.0,False,732,state,SE
,35,5228413,11295.07094,2022-03-26,0.032,167107,46289333.0,45919049.0,False,742,state,SP
,12,123776,13837.91519,2022-03-25,0.0161,1992,894470.0,881935.0,False,720,state,AC
,27,295916,8829.24671,2022-03-25,0.0232,6866,3351543.0,3337357.0,False,745,state,AL
,13,581009,13808.18658,2022-03-25,0.0244,14150,4207714.0,4144597.0,False,737,state,AM
,16,160314,18602.81072,2022-03-25,0.0132,2122,861773.0,845731.0,False,732,state,AP
,29,1529008,10240.74396,2022-03-25,0.0194,29656,14930634.0,14873064.0,False,745,state,BA
,23,1239630,13493.15448,2022-03-25,0.0215,26696,9187103.0,9132078.0,False,726,state,CE
,53,691353,22629.10909,2022-03-25,0.0167,11573,3055149.0,3015268.0,True,705,state,DF
,32,1036359,25500.63336,2022-03-25,0.0138,14319,4064052.0,4018650.0,False,748,state,ES
,52,1267498,17818.10463,2022-03-25,0.0207,26203,7113540.0,7018354.0,False,730,state,GO
,21,423938,5958.70631,2022-03-25,0.0256,10867,7114598.0,7075181.0,False,734,state,MA
,31,3313844,15563.3118,2022-03-25,0.0183,60717,21292666.0,21168791.0,False,743,state,MG
,50,523388,18629.92517,2022-03-25,0.02,10482,2809394.0,2778986.0,False,721,state,MS
,51,723909,20529.32035,2022-03-25,0.0205,14852,3526220.0,3484466.0,False,732,state,MT
,15,750618,8636.98106,2022-03-25,0.0241,18075,8690745.0,8602865.0,False,738,state,PA
,25,593946,14704.26514,2022-03-25,0.0171,10185,4039277.0,4018127.0,False,736,state,PB
,26,889000,9244.41132,2022-03-25,0.024,21345,9616621.0,9557071.0,False,744,state,PE
Acauã,2200053,228,3210.36328,2022-03-25,0.0088,2,7102.0,7084.0,False,657,city,PI
Agricolândia,2200103,829,16156.6946,2022-03-25,0.0121,10,5131.0,5139.0,False,649,city,PI
Água Branca,2200202,1702,9742.41557,2022-03-25,0.0452,77,17470.0,17411.0,False,698,city,PI
Alagoinha do Piauí,2200251,402,5244.6184,2022-03-25,0.0323,13,7665.0,7651.0,False,663,city,PI
Alegrete do Piauí,2200277,553,11244.4083,2022-03-25,0.0163,9,4918.0,4915.0,False,645,city,PI
Alto Longá,2200301,858,5983.68087,2022-03-25,0.0175,15,14339.0,14304.0,False,679,city,PI
Altos,2200400,5568,13712.59697,2022-03-25,0.0192,107,40605.0,40524.0,False,706,city,PI
Alvorada do Gurguéia,2200459,709,13021.12029,2022-03-25,0.0197,14,5445.0,5419.0,False,697,city,PI
Amarante,2200509,1736,9861.39514,2022-03-25,0.0207,36,17604.0,17598.0,False,689,city,PI
Angical do Piauí,2200608,901,13283.20802,2022-03-25,0.0133,12,6783.0,6788.0,False,703,city,PI
Anísio de Abreu,2200707,291,2928.15456,2022-03-25,0.0515,15,9938.0,9880.0,False,696,city,PI
Antônio Almeida,2200806,409,12902.2082,2022-03-25,0.0269,11,3170.0,3164.0,False,632,city,PI
Aroazes,2200905,699,11995.88124,2022-03-25,0.0215,15,5827.0,5835.0,False,692,city,PI
Aroeiras do Itaim,2200954,188,7369.65896,2022-03-25,0.0106,2,2551.0,2551.0,False,627,city,PI
Arraial,2201002,172,3644.0678,2022-03-25,0.0174,3,4720.0,4727.0,False,575,city,PI
Assunção do Piauí,2201051,410,5214.2948,2022-03-25,0.0244,10,7863.0,7846.0,False,645,city,PI
Avelino Lopes,2201101,527,4653.01077,2022-03-25,0.0436,23,11326.0,11289.0,False,673,city,PI
Baixa Grande do Ribeiro,2201150,2672,22894.35353,2022-03-25,0.0135,36,11671.0,11586.0,False,684,city,PI
Barra D'Alcântara,2201176,156,3947.36842,2022-03-25,0.0321,5,3952.0,3951.0,False,637,city,PI
Barras,2201200,5936,12580.26915,2022-03-25,0.0175,104,47185.0,47066.0,False,694,city,PI
Barreiras do Piauí,2201309,114,3400.95465,2022-03-25,0.0351,4,3352.0,3348.0,False,668,city,PI
Barro Duro,2201408,810,11526.96741,2022-03-25,0.0148,12,7027.0,7032.0,False,666,city,PI
Batalha,2201507,1453,5400.48318,2022-03-25,0.0275,40,26905.0,26857.0,False,687,city,PI
Bela Vista do Piauí,2201556,324,8039.70223,2022-03-25,0.0216,7,4030.0,4015.0,False,676,city,PI
Belém do Piauí,2201572,624,17396.15277,2022-03-25,0.0128,8,3587.0,3566.0,False,672,city,PI
Beneditinos,2201606,1474,14074.28626,2022-03-25,0.0278,41,10473.0,10467.0,False,687,city,PI
Bertolínia,2201705,1140,20700.92609,2022-03-25,0.0105,12,5507.0,5501.0,False,688,city,PI
Betânia do Piauí,2201739,183,2946.8599,2022-03-25,0.0219,4,6210.0,6205.0,False,701,city,PI
Boa Hora,2201770,607,8906.82318,2022-03-25,0.0115,7,6815.0,6781.0,False,692,city,PI
Bocaina,2201804,451,10011.09878,2022-03-25,0.0244,11,4505.0,4500.0,False,669,city,PI
Bom Jesus,2201903,3840,15125.85181,2022-03-25,0.0135,52,25387.0,25179.0,False,697,city,PI
Bom Princípio do Piauí,2201919,240,4247.03592,2022-03-25,0.0542,13,5651.0,5630.0,False,704,city,PI
Bonfim do Piauí,2201929,518,9111.69745,2022-03-25,0.0174,9,5685.0,5670.0,False,706,city,PI
Boqueirão do Piauí,2201945,884,13756.61376,2022-03-25,0.0158,14,6426.0,6407.0,False,654,city,PI
Brasileira,2201960,739,8853.48029,2022-03-25,0.0284,21,8347.0,8329.0,False,665,city,PI
Brejo do Piauí,2201988,160,4158.00416,2022-03-25,0.0312,5,3848.0,3875.0,False,626,city,PI
Buriti dos Lopes,2202000,1494,7542.7879,2022-03-25,0.0248,37,19807.0,19781.0,False,695,city,PI
Buriti dos Montes,2202026,722,8736.68925,2022-03-25,0.0139,10,8264.0,8244.0,False,671,city,PI
Cabeceiras do Piauí,2202059,759,7140.16933,2022-03-25,0.0224,17,10630.0,10586.0,False,672,city,PI
Cajazeiras do Piauí,2202075,83,2322.97789,2022-03-25,0.0241,2,3573.0,3559.0,False,668,city,PI
Cajueiro da Praia,2202083,499,6502.47589,2022-03-25,0.0421,21,7674.0,7642.0,False,657,city,PI
Caldeirão Grande do Piauí,2202091,551,9531.22297,2022-03-25,0.0036,2,5781.0,5776.0,False,668,city,PI
Campinas do Piauí,2202109,254,4519.57295,2022-03-25,0.0079,2,5620.0,5613.0,False,663,city,PI
Campo Alegre do Fidalgo,2202117,404,7970.01381,2022-03-25,0.005,2,5069.0,5045.0,False,664,city,PI
Campo Grande do Piauí,2202133,518,8683.98994,2022-03-25,0.0212,11,5965.0,5943.0,False,676,city,PI
Campo Largo do Piauí,2202174,519,7098.89208,2022-03-25,0.0154,8,7311.0,7279.0,False,669,city,PI
Campo Maior,2202208,6817,14537.35099,2022-03-25,0.0246,168,46893.0,46833.0,False,718,city,PI
Canavieira,2202251,305,7733.26572,2022-03-25,0.023,7,3944.0,3950.0,False,559,city,PI
Canto do Buriti,2202307,1604,7545.39467,2022-03-25,0.0312,50,21258.0,21187.0,False,696,city,PI
Capitão de Campos,2202406,852,7444.29882,2022-03-25,0.0352,30,11445.0,11417.0,False,672,city,PI
Capitão Gervásio Oliveira,2202455,144,3500.24307,2022-03-25,0.0764,11,4114.0,4100.0,False,670,city,PI
Caracol,2202505,442,4031.37541,2022-03-25,0.0385,17,10964.0,10916.0,False,708,city,PI
Caraúbas do Piauí,2202539,194,3293.71817,2022-03-25,0.0619,12,5890.0,5868.0,False,663,city,PI
Caridade do Piauí,2202554,749,14729.59685,2022-03-25,0.0067,5,5085.0,5067.0,False,653,city,PI
Castelo do Piauí,2202604,2249,11407.5577,2022-03-25,0.0173,39,19715.0,19716.0,False,698,city,PI
Caxingó,2202653,157,2880.20547,2022-03-25,0.0127,2,5451.0,5424.0,False,658,city,PI
Cocal,2202703,1568,5631.17256,2022-03-25,0.0319,50,27845.0,27787.0,False,687,city,PI
Cocal de Telha,2202711,625,12757.70565,2022-03-25,0.0208,13,4899.0,4891.0,False,683,city,PI
Cocal dos Alves,2202729,425,6890.40208,2022-03-25,0.0165,7,6168.0,6153.0,False,689,city,PI
Coivaras,2202737,340,8432.53968,2022-03-25,0.0176,6,4032.0,4020.0,False,684,city,PI
Colônia do Gurguéia,2202752,690,10589.3186,2022-03-25,0.0203,14,6516.0,6484.0,False,701,city,PI
Colônia do Piauí,2202778,770,10050.90719,2022-03-25,0.0065,5,7661.0,7656.0,False,689,city,PI
Conceição do Canindé,2202802,527,10963.1787,2022-03-25,0.0133,7,4807.0,4803.0,False,628,city,PI
Coronel José Dias,2202851,131,2796.15795,2022-03-25,0.0458,6,4685.0,4682.0,False,638,city,PI
Corrente,2202901,2065,7731.47628,2022-03-25,0.0169,35,26709.0,26644.0,False,694,city,PI
Cristalândia do Piauí,2203008,70,841.04289,2022-03-25,0.0571,4,8323.0,8294.0,False,602,city,PI
Cristino Castro,2203107,1059,10139.79318,2022-03-25,0.0123,13,10444.0,10423.0,False,668,city,PI
Curimatá,2203206,1212,10607.38666,2022-03-25,0.0149,18,11426.0,11388.0,False,672,city,PI
Currais,2203230,386,7769.72625,2022-03-25,0.0078,3,4968.0,4954.0,False,684,city,PI
Curralinhos,2203255,509,11415.1155,2022-03-25,0.0059,3,4459.0,4443.0,False,663,city,PI
Curral Novo do Piauí,2203271,309,5757.40637,2022-03-25,0.0065,2,5367.0,5343.0,False,665,city,PI
Demerval Lobão,2203305,3806,27500.0,2022-03-25,0.0102,39,13840.0,13817.0,False,705,city,PI
Dirceu Arcoverde,2203354,308,4381.84664,2022-03-25,0.0325,10,7029.0,7011.0,False,675,city,PI
Dom Expedito Lopes,2203404,655,9462.58307,2022-03-25,0.0183,12,6922.0,6904.0,False,680,city,PI
Domingos Mourão,2203420,276,6338.99862,2022-03-25,0.0145,4,4354.0,4355.0,False,668,city,PI
Dom Inocêncio,2203453,321,3355.98536,2022-03-25,0.0218,7,9565.0,9556.0,False,673,city,PI
Elesbão Veloso,2203503,716,4912.52144,2022-03-25,0.0461,33,14575.0,14602.0,False,695,city,PI
Eliseu Martins,2203602,301,6105.47667,2022-03-25,0.0532,16,4930.0,4915.0,False,620,city,PI
Esperantina,2203701,2945,7390.58422,2022-03-25,0.0316,93,39848.0,39737.0,False,704,city,PI
Fartura do Piauí,2203750,189,3553.29949,2022-03-25,0.0317,6,5319.0,5307.0,False,694,city,PI
Flores do Piauí,2203800,188,4213.35724,2022-03-25,0.0266,5,4462.0,4463.0,False,654,city,PI
Floresta do Piauí,2203859,101,3945.3125,2022-03-25,0.0396,4,2560.0,2558.0,False,650,city,PI
Floriano,2203909,9801,16328.19658,2022-03-25,0.0184,180,60025.0,59935.0,False,702,city,PI
Francinópolis,2204006,76,1421.35777,2022-03-25,0.0789,6,5347.0,5348.0,False,704,city,PI
Francisco Ayres,2204105,436,10085.58871,2022-03-25,0.0161,7,4323.0,4348.0,False,691,city,PI
Francisco Macedo,2204154,501,15656.25,2022-03-25,0.012,6,3200.0,3184.0,False,609,city,PI
Francisco Santos,2204204,692,7383.69612,2022-03-25,0.0116,8,9372.0,9319.0,False,688,city,PI
Fronteiras,2204303,1091,9357.57784,2022-03-25,0.0101,11,11659.0,11625.0,False,683,city,PI
Geminiano,2204352,517,9468.86447,2022-03-25,0.0116,6,5460.0,5442.0,False,641,city,PI
Gilbués,2204402,908,8490.74247,2022-03-25,0.0077,7,10694.0,10690.0,False,666,city,PI
Guadalupe,2204501,1474,14042.10727,2022-03-25,0.019,28,10497.0,10499.0,False,665,city,PI
Guaribas,2204550,108,2364.2732,2022-03-25,0.0185,2,4568.0,4562.0,False,621,city,PI
Hugo Napoleão,2204600,811,20907.45037,2022-03-25,0.0111,9,3879.0,3877.0,False,672,city,PI
Ilha Grande,2204659,1292,13661.83779,2022-03-25,0.0163,21,9457.0,9426.0,False,697,city,PI
Inhuma,2204709,1778,11606.50173,2022-03-25,0.0157,28,15319.0,15308.0,False,705,city,PI
Ipiranga do Piauí,2204808,846,8599.3088,2022-03-25,0.0225,19,9838.0,9811.0,False,683,city,PI
Isaías Coelho,2204907,914,10670.09106,2022-03-25,0.0098,9,8566.0,8549.0,False,663,city,PI
Itainópolis,2205003,1393,12059.56194,2022-03-25,0.0093,13,11551.0,11530.0,False,667,city,PI
Itaueira,2205102,206,1867.97243,2022-03-25,0.1311,27,11028.0,11019.0,False,701,city,PI
Jacobina do Piauí,2205151,402,7016.9314,2022-03-25,0.01,4,5729.0,5741.0,False,633,city,PI
Jaicós,2205201,2513,13109.02452,2022-03-25,0.0167,42,19170.0,19104.0,False,672,city,PI
Jardim do Mulato,2205250,278,6159.98227,2022-03-25,0.0144,4,4513.0,4504.0,False,592,city,PI
Jatobá do Piauí,2205276,385,7897.4359,2022-03-25,0.026,10,4875.0,4865.0,False,653,city,PI
Jerumenha,2205300,211,4744.77176,2022-03-25,0.0332,7,4447.0,4452.0,False,658,city,PI
João Costa,2205359,319,10615.6406,2022-03-25,0.0125,4,3005.0,3008.0,False,596,city,PI
Joaquim Pires,2205409,1682,11700.05565,2022-03-25,0.019,32,14376.0,14354.0,False,671,city,PI
Joca Marques,2205458,613,11214.78229,2022-03-25,0.0131,8,5466.0,5443.0,False,644,city,PI
José de Freitas,2205508,6718,17078.50315,2022-03-25,0.0131,88,39336.0,39208.0,False,697,city,PI
Juazeiro do Piauí,2205516,532,9699.17958,2022-03-25,0.0075,4,5485.0,5478.0,False,672,city,PI
Júlio Borges,2205524,150,2659.57447,2022-03-25,0.1,15,5640.0,5627.0,False,689,city,PI
Jurema,2205532,307,6426.62759,2022-03-25,0.0228,7,4777.0,4763.0,False,631,city,PI
Lagoa Alegre,2205557,374,4360.49901,2022-03-25,0.0348,13,8577.0,8542.0,False,643,city,PI
Lagoa de São Francisco,2205573,605,8927.25395,2022-03-25,0.0066,4,6777.0,6758.0,False,661,city,PI
Lagoa do Barro do Piauí,2205565,1065,22873.71134,2022-03-25,0.0085,9,4656.0,4655.0,False,702,city,PI
Lagoa do Piauí,2205581,1057,25938.65031,2022-03-25,0.0057,6,4075.0,4064.0,False,678,city,PI
Lagoa do Sítio,2205599,97,1866.10235,2022-03-25,0.134,13,5198.0,5177.0,False,675,city,PI
Lagoinha do Piauí,2205540,395,13820.85374,2022-03-25,0.0228,9,2858.0,2845.0,False,655,city,PI
Landri Sales,2205607,1211,22922.58187,2022-03-25,0.019,23,5283.0,5295.0,False,676,city,PI
Luís Correia,2205706,2148,7056.96826,2022-03-25,0.0307,66,30438.0,30311.0,False,704,city,PI
Luzilândia,2205805,2755,10802.2271,2022-03-25,0.0221,61,25504.0,25486.0,False,698,city,PI
Madeiro,2205854,412,4938.86358,2022-03-25,0.0146,6,8342.0,8310.0,False,667,city,PI
Manoel Emídio,2205904,504,9418.80022,2022-03-25,0.0377,19,5351.0,5349.0,False,697,city,PI
Marcolândia,2205953,993,11623.55145,2022-03-25,0.0211,21,8543.0,8492.0,False,681,city,PI
Marcos Parente,2206001,396,8709.03893,2022-03-25,0.0227,9,4547.0,4549.0,False,687,city,PI
Massapê do Piauí,2206050,344,5334.16033,2022-03-25,0.0087,3,6449.0,6441.0,False,644,city,PI
Matias Olímpio,2206100,728,6643.54809,2022-03-25,0.0192,14,10958.0,10936.0,False,678,city,PI
Miguel Alves,2206209,2294,6780.36237,2022-03-25,0.0166,38,33833.0,33760.0,False,701,city,PI
Miguel Leão,2206308,289,23268.9211,2022-03-25,0.0104,3,1242.0,1246.0,False,636,city,PI
Milton Brandão,2206357,322,4872.88136,2022-03-25,0.0093,3,6608.0,6613.0,False,665,city,PI
Monsenhor Gil,2206407,1819,17218.85649,2022-03-25,0.0242,44,10564.0,10564.0,False,694,city,PI
Monsenhor Hipólito,2206506,786,10119.73735,2022-03-25,0.0076,6,7767.0,7749.0,False,689,city,PI
Monte Alegre do Piauí,2206605,1192,11229.39237,2022-03-25,0.0159,19,10615.0,10613.0,False,650,city,PI
Morro Cabeça no Tempo,2206654,166,3664.45916,2022-03-25,0.0241,4,4530.0,4532.0,False,693,city,PI
Morro do Chapéu do Piauí,2206670,1147,16840.40523,2022-03-25,0.0061,7,6811.0,6796.0,False,682,city,PI
Murici dos Portelas,2206696,330,3583.45097,2022-03-25,0.0333,11,9209.0,9159.0,False,645,city,PI
Nazaré do Piauí,2206704,455,6214.14914,2022-03-25,0.033,15,7322.0,7339.0,False,698,city,PI
Nazária,2206720,454,5277.84236,2022-03-25,0.0419,19,8602.0,8570.0,False,700,city,PI
Nossa Senhora de Nazaré,2206753,596,12185.64711,2022-03-25,0.0319,19,4891.0,4870.0,False,647,city,PI
Nossa Senhora dos Remédios,2206803,947,10856.35676,2022-03-25,0.0169,16,8723.0,8692.0,False,672,city,PI
Nova Santa Rita,2207959,151,3445.12891,2022-03-25,0.0265,4,4383.0,4374.0,False,673,city,PI
Novo Oriente do Piauí,2206902,426,6497.86455,2022-03-25,0.0305,13,6556.0,6565.0,False,640,city,PI
Novo Santo Antônio,2206951,281,9357.30936,2022-03-25,0.0178,5,3003.0,2991.0,False,668,city,PI
Oeiras,2207009,6021,16235.6748,2022-03-25,0.0151,91,37085.0,37029.0,False,696,city,PI
Olho D'Água do Piauí,2207108,291,11790.92382,2022-03-25,0.0103,3,2468.0,2459.0,False,673,city,PI
Padre Marcos,2207207,529,7696.78452,2022-03-25,0.017,9,6873.0,6868.0,False,671,city,PI
Paes Landim,2207306,240,5816.77169,2022-03-25,0.0333,8,4126.0,4129.0,False,650,city,PI
Pajeú do Piauí,2207355,104,3055.22914,2022-03-25,0.0865,9,3404.0,3389.0,False,641,city,PI
Palmeira do Piauí,2207405,237,4706.11597,2022-03-25,0.0253,6,5036.0,5043.0,False,649,city,PI
Palmeirais,2207504,332,2275.99918,2022-03-25,0.0723,24,14587.0,14539.0,False,693,city,PI
Paquetá,2207553,196,4978.40996,2022-03-25,0.0459,9,3937.0,3945.0,False,630,city,PI
Parnaguá,2207603,327,3022.46049,2022-03-25,0.0306,10,10819.0,10791.0,False,671,city,PI
Parnaíba,2207702,19497,12703.11828,2022-03-25,0.0247,482,153482.0,153078.0,False,724,city,PI
Passagem Franca do Piauí,2207751,258,5968.07772,2022-03-25,0.0426,11,4323.0,4313.0,False,673,city,PI
Patos do Piauí,2207777,453,7071.49547,2022-03-25,0.0265,12,6406.0,6392.0,False,651,city,PI
Pau D'Arco do Piauí,2207793,458,11266.91267,2022-03-25,0.0109,5,4065.0,4045.0,False,677,city,PI
Paulistana,2207801,1308,6363.72482,2022-03-25,0.0138,18,20554.0,20523.0,False,672,city,PI
Pavussu,2207850,502,13682.20223,2022-03-25,0.0299,15,3669.0,3677.0,False,676,city,PI
Pedro II,2207900,5046,13012.53288,2022-03-25,0.0228,115,38778.0,38742.0,False,702,city,PI
Pedro Laurentino,2207934,80,3144.65409,2022-03-25,0.025,2,2544.0,2536.0,False,671,city,PI
Picos,2208007,11629,14827.04543,2022-03-25,0.0157,182,78431.0,78222.0,False,706,city,PI
Pimenteiras,2208106,1332,10972.89727,2022-03-25,0.0233,31,12139.0,12127.0,False,708,city,PI
Pio IX,2208205,1708,9252.93895,2022-03-25,0.0135,23,18459.0,18425.0,False,694,city,PI
Piracuruca,2208304,3021,10462.70001,2022-03-25,0.0351,106,28874.0,28791.0,False,715,city,PI
Piripiri,2208403,13766,21581.19993,2022-03-25,0.0152,209,63787.0,63742.0,False,696,city,PI
Porto,2208502,553,4386.10406,2022-03-25,0.0271,15,12608.0,12568.0,False,688,city,PI
Porto Alegre do Piauí,2208551,186,6838.23529,2022-03-25,0.0215,4,2720.0,2710.0,False,619,city,PI
Prata do Piauí,2208601,265,8412.69841,2022-03-25,0.0189,5,3150.0,3151.0,False,651,city,PI
Queimada Nova,2208650,750,8317.62227,2022-03-25,0.008,6,9017.0,8992.0,False,693,city,PI
Redenção do Gurguéia,2208700,890,10118.23556,2022-03-25,0.0236,21,8796.0,8778.0,False,683,city,PI
Regeneração,2208809,1071,5956.94977,2022-03-25,0.0243,26,17979.0,17978.0,False,688,city,PI
Riacho Frio,2208858,138,3202.59921,2022-03-25,0.0362,5,4309.0,4312.0,False,604,city,PI
Ribeira do Piauí,2208874,46,1024.95544,2022-03-25,0.1522,7,4488.0,4477.0,False,703,city,PI
Ribeiro Gonçalves,2208908,968,13123.64425,2022-03-25,0.0165,16,7376.0,7341.0,False,678,city,PI
Rio Grande do Piauí,2209005,484,7523.70589,2022-03-25,0.0186,9,6433.0,6432.0,False,696,city,PI
Santa Cruz do Piauí,2209104,877,14038.73859,2022-03-25,0.0171,15,6247.0,6240.0,False,671,city,PI
Santa Cruz dos Milagres,2209153,289,7165.88148,2022-03-25,0.0069,2,4033.0,4019.0,False,630,city,PI
Santa Filomena,2209203,148,2366.48545,2022-03-25,0.027,4,6254.0,6253.0,False,663,city,PI
Santa Luz,2209302,260,4420.26522,2022-03-25,0.0308,8,5882.0,5860.0,False,685,city,PI
Santana do Piauí,2209351,285,6139.595,2022-03-25,0.0246,7,4642.0,4634.0,False,664,city,PI
Santa Rosa do Piauí,2209377,193,3672.69267,2022-03-25,0.0311,6,5255.0,5257.0,False,641,city,PI
Santo Antônio de Lisboa,2209401,125,1940.69244,2022-03-25,0.04,5,6441.0,6415.0,False,671,city,PI
Santo Antônio dos Milagres,2209450,266,12280.70175,2022-03-25,0.0113,3,2166.0,2161.0,False,651,city,PI
Santo Inácio do Piauí,2209500,283,7441.49356,2022-03-25,0.0212,6,3803.0,3798.0,False,646,city,PI
São Braz do Piauí,2209559,106,2381.48731,2022-03-25,0.1226,13,4451.0,4448.0,False,624,city,PI
São Félix do Piauí,2209609,426,14529.33151,2022-03-25,0.0094,4,2932.0,2942.0,False,631,city,PI
São Francisco de Assis do Piauí,2209658,142,2457.17252,2022-03-25,0.0211,3,5779.0,5755.0,False,667,city,PI
São Francisco do Piauí,2209708,229,3566.97819,2022-03-25,0.0437,10,6420.0,6423.0,False,695,city,PI
São Gonçalo do Gurguéia,2209757,231,7556.42787,2022-03-25,0.0216,5,3057.0,3041.0,False,641,city,PI
São Gonçalo do Piauí,2209807,469,9324.05567,2022-03-25,0.0171,8,5030.0,5015.0,False,689,city,PI
São João da Canabrava,2209856,622,13480.71088,2022-03-25,0.0129,8,4614.0,4608.0,False,676,city,PI
São João da Fronteira,2209872,267,4403.0343,2022-03-25,0.0262,7,6064.0,6042.0,False,683,city,PI
São João da Serra,2209906,431,7040.18295,2022-03-25,0.0394,17,6122.0,6139.0,False,656,city,PI
São João da Varjota,2209955,362,7466.9967,2022-03-25,0.0055,2,4848.0,4840.0,False,633,city,PI
São João do Arraial,2209971,930,11570.0423,2022-03-25,0.0108,10,8038.0,7989.0,False,661,city,PI
São João do Piauí,2210003,3644,17636.24044,2022-03-25,0.0104,38,20662.0,20601.0,False,690,city,PI
São José do Divino,2210052,356,6649.23422,2022-03-25,0.0365,13,5354.0,5346.0,False,725,city,PI
São José do Peixe,2210102,306,8179.63111,2022-03-25,0.0098,3,3741.0,3745.0,False,684,city,PI
São José do Piauí,2210201,250,3731.34328,2022-03-25,0.036,9,6700.0,6705.0,False,704,city,PI
São Julião,2210300,362,5681.99655,2022-03-25,0.0387,14,6371.0,6363.0,False,691,city,PI
São Lourenço do Piauí,2210359,69,1507.53769,2022-03-25,0.0435,3,4577.0,4573.0,False,692,city,PI
São Luis do Piauí,2210375,189,7142.85714,2022-03-25,0.0053,1,2646.0,2644.0,False,684,city,PI
São Miguel da Baixa Grande,2210383,196,7986.96007,2022-03-25,0.0153,3,2454.0,2452.0,False,689,city,PI
São Miguel do Fidalgo,2210391,216,7109.94075,2022-03-25,0.0185,4,3038.0,3039.0,False,630,city,PI
São Miguel do Tapuio,2210409,666,3775.72425,2022-03-25,0.021,14,17639.0,17662.0,False,663,city,PI
São Pedro do Piauí,2210508,2077,14500.13963,2022-03-25,0.0154,32,14324.0,14291.0,False,693,city,PI
São Raimundo Nonato,2210607,4345,12458.06692,2022-03-25,0.0157,68,34877.0,34710.0,False,707,city,PI
Sebastião Barros,2210623,25,724.4277,2022-03-25,0.12,3,3451.0,3469.0,False,637,city,PI
Sebastião Leal,2210631,570,13246.57216,2022-03-25,0.0158,9,4303.0,4294.0,False,627,city,PI
Sigefredo Pacheco,2210656,464,4613.24319,2022-03-25,0.0323,15,10058.0,10041.0,False,677,city,PI
Simões,2210706,994,6785.44611,2022-03-25,0.0151,15,14649.0,14633.0,False,663,city,PI
Simplício Mendes,2210805,2000,15691.19724,2022-03-25,0.025,50,12746.0,12711.0,False,682,city,PI
Socorro do Piauí,2210904,218,4777.55862,2022-03-25,0.0321,7,4563.0,4569.0,False,678,city,PI
Sussuapara,2210938,558,8245.89922,2022-03-25,0.0251,14,6767.0,6730.0,False,657,city,PI
Tamboril do Piauí,2210953,56,1911.91533,2022-03-25,0.1429,8,2929.0,2919.0,False,628,city,PI
Tanque do Piauí,2210979,422,15218.17526,2022-03-25,0.0024,1,2773.0,2765.0,False,642,city,PI
Teresina,2211001,119190,13730.38044,2022-03-25,0.0232,2760,868075.0,864845.0,False,733,city,PI
União,2211100,2577,5782.04582,2022-03-25,0.0279,72,44569.0,44485.0,False,703,city,PI
Uruçuí,2211209,4084,18859.38582,2022-03-25,0.0169,69,21655.0,21558.0,False,694,city,PI
Valença do Piauí,2211308,2193,10478.28372,2022-03-25,0.0342,75,20929.0,20918.0,False,690,city,PI
Várzea Branca,2211357,204,4131.22722,2022-03-25,0.0588,12,4938.0,4947.0,False,665,city,PI
Várzea Grande,2211407,561,12790.69767,2022-03-25,0.0018,1,4386.0,4391.0,False,696,city,PI
Vera Mendes,2211506,400,12987.01299,2022-03-25,0.0075,3,3080.0,3077.0,False,680,city,PI
Vila Nova do Piauí,2211605,349,11822.49322,2022-03-25,0.0086,3,2952.0,2971.0,False,688,city,PI
Wall Ferraz,2211704,335,7492.73093,2022-03-25,0.009,3,4471.0,4462.0,False,641,city,PI
,22,367511,11199.5502,2022-03-25,0.021,7720,3281480.0,3273227.0,False,737,state,PI
,41,2405391,20885.85932,2022-03-25,0.0178,42883,11516840.0,11433957.0,False,742,state,PR
,33,2075187,11949.58203,2022-03-25,0.035,72616,17366189.0,17264943.0,False,735,state,RJ
,24,495613,14023.48221,2022-03-25,0.0164,8118,3534165.0,3506853.0,False,694,state,RN
,11,390982,21764.0248,2022-03-25,0.0183,7169,1796460.0,1777225.0,False,715,state,RO
,14,155049,24564.90294,2022-03-25,0.0138,2144,631181.0,605761.0,False,719,state,RR
,43,2259752,19782.52072,2022-03-25,0.0172,38970,11422973.0,11377239.0,False,730,state,RS
,42,1669124,23014.45763,2022-03-25,0.013,21645,7252502.0,7164788.0,False,744,state,SC
,28,324903,14011.55414,2022-03-25,0.0194,6305,2318822.0,2298696.0,False,731,state,SE
,35,5221236,11279.56629,2022-03-25,0.032,167046,46289333.0,45919049.0,False,741,state,SP
,17,302502,19022.31602,2022-03-25,0.0137,4142,1590248.0,1572866.0,True,694,state,TO
,12,123746,13834.56125,2022-03-24,0.0161,1990,894470.0,881935.0,False,719,state,AC
,27,295714,8823.21963,2022-03-24,0.0232,6866,3351543.0,3337357.0,False,744,state,AL
,13,580970,13807.25971,2022-03-24,0.0244,14148,4207714.0,4144597.0,False,736,state,AM
,16,160301,18601.3022,2022-03-24,0.0132,2122,861773.0,845731.0,False,731,state,AP
,29,1527992,10233.93916,2022-03-24,0.0194,29646,14930634.0,14873064.0,False,744,state,BA
,23,1239185,13488.31073,2022-03-24,0.0215,26683,9187103.0,9132078.0,False,725,state,CE
,53,691014,22618.01307,2022-03-24,0.0167,11569,3055149.0,3015268.0,False,704,state,DF
,32,1036087,25493.94053,2022-03-24,0.0138,14313,4064052.0,4018650.0,False,747,state,ES
,52,1264990,17782.84792,2022-03-24,0.0207,26201,7113540.0,7018354.0,False,729,state,GO
,21,423604,5954.01174,2022-03-24,0.0256,10865,7114598.0,7075181.0,False,733,state,MA
,31,3310675,15548.42874,2022-03-24,0.0183,60687,21292666.0,21168791.0,False,742,state,MG
,50,522967,18614.93973,2022-03-24,0.02,10480,2809394.0,2778986.0,False,720,state,MS
Acorizal,5100102,1176,22047.24409,2022-03-24,0.0204,24,5334.0,5399.0,True,577,city,MT
Água Boa,5100201,5198,19836.66616,2022-03-24,0.0196,102,26204.0,25721.0,True,578,city,MT
Alta Floresta,5100250,13648,26266.86426,2022-03-24,0.0124,169,51959.0,51782.0,True,613,city,MT
Alto Araguaia,5100300,2790,14392.57158,2022-03-24,0.0122,34,19385.0,19044.0,True,571,city,MT
Alto Boa Vista,5100359,1273,18353.51788,2022-03-24,0.0149,19,6936.0,6822.0,True,568,city,MT
Alto Garças,5100409,1442,11867.33602,2022-03-24,0.0298,43,12151.0,12030.0,True,570,city,MT
Alto Paraguai,5100508,955,8323.89087,2022-03-24,0.0325,31,11473.0,11356.0,True,573,city,MT
Alto Taquari,5100607,1673,15027.39603,2022-03-24,0.0179,30,11133.0,10847.0,True,536,city,MT
Apiacás,5100805,2971,28892.34659,2022-03-24,0.0064,19,10283.0,10133.0,True,539,city,MT
Araguaiana,5101001,537,17272.43487,2022-03-24,0.0149,8,3109.0,3100.0,True,530,city,MT
Araguainha,5101209,53,5602.537,2022-03-24,0.0189,1,946.0,935.0,True,522,city,MT
Araputanga,5101258,3455,20382.27833,2022-03-24,0.0162,56,16951.0,16822.0,True,556,city,MT
Arenápolis,5101308,2717,28593.98021,2022-03-24,0.0158,43,9502.0,9607.0,True,558,city,MT
Aripuanã,5101407,5623,24755.6573,2022-03-24,0.0098,55,22714.0,22354.0,True,611,city,MT
Barão de Melgaço,5101605,917,11232.2391,2022-03-24,0.0196,18,8164.0,8564.0,True,540,city,MT
Barra do Bugres,5101704,5880,16653.92132,2022-03-24,0.0167,98,35307.0,34966.0,True,557,city,MT
Barra do Garças,5101803,13915,22761.10248,2022-03-24,0.0288,401,61135.0,61012.0,True,599,city,MT
Bom Jesus do Araguaia,5101852,1130,16850.58157,2022-03-24,0.015,17,6706.0,6580.0,True,567,city,MT
Brasnorte,5101902,3109,15436.94141,2022-03-24,0.0142,44,20140.0,19695.0,True,546,city,MT
Cáceres,5102504,16762,17670.06462,2022-03-24,0.0286,480,94861.0,94376.0,True,611,city,MT
Campinápolis,5102603,2272,13428.68964,2022-03-24,0.0224,51,16919.0,15980.0,True,548,city,MT
Campo Novo do Parecis,5102637,10435,28871.42739,2022-03-24,0.0097,101,36143.0,35360.0,True,613,city,MT
Campos de Júlio,5102686,1513,21400.28289,2022-03-24,0.0093,14,7070.0,6891.0,True,568,city,MT
Campo Verde,5102678,8481,18541.75776,2022-03-24,0.0178,151,45740.0,44041.0,True,573,city,MT
Canabrava do Norte,5102694,856,18104.90694,2022-03-24,0.0164,14,4728.0,4743.0,True,553,city,MT
Canarana,5102702,5905,27035.07005,2022-03-24,0.0135,80,21842.0,21579.0,True,611,city,MT
Carlinda,5102793,3182,31199.13717,2022-03-24,0.0113,36,10199.0,10305.0,True,514,city,MT
Castanheira,5102850,1324,15133.15808,2022-03-24,0.0227,30,8749.0,8729.0,True,537,city,MT
Chapada dos Guimarães,5103007,2496,12830.92582,2022-03-24,0.0377,94,19453.0,19752.0,True,610,city,MT
Cláudia,5103056,2819,23021.64149,2022-03-24,0.017,48,12245.0,12149.0,True,546,city,MT
Cocalinho,5103106,1383,24344.30558,2022-03-24,0.0123,17,5681.0,5700.0,True,532,city,MT
Colíder,5103205,9669,28734.88068,2022-03-24,0.0164,159,33649.0,33438.0,True,566,city,MT
Colniza,5103254,5189,13017.73663,2022-03-24,0.0173,90,39861.0,38582.0,True,557,city,MT
Comodoro,5103304,2988,14223.15308,2022-03-24,0.0141,42,21008.0,20763.0,True,558,city,MT
Confresa,5103353,5414,17181.84703,2022-03-24,0.022,119,31510.0,30933.0,True,594,city,MT
Conquista D'Oeste,5103361,851,20751.03633,2022-03-24,0.0223,19,4101.0,4038.0,True,602,city,MT
Cotriguaçu,5103379,1616,7984.97875,2022-03-24,0.0241,39,20238.0,19750.0,True,579,city,MT
Cuiabá,5103403,128771,20832.5514,2022-03-24,0.0285,3665,618124.0,612547.0,True,624,city,MT
Curvelândia,5103437,1214,23163.51841,2022-03-24,0.0157,19,5241.0,5219.0,True,586,city,MT
Denise,5103452,1061,11116.9321,2022-03-24,0.0198,21,9544.0,9462.0,True,560,city,MT
Diamantino,5103502,4777,21539.36333,2022-03-24,0.0155,74,22178.0,22041.0,True,551,city,MT
Dom Aquino,5103601,1212,14854.76161,2022-03-24,0.0231,28,8159.0,8178.0,True,566,city,MT
Feliz Natal,5103700,3295,22689.71216,2022-03-24,0.0103,34,14522.0,14192.0,True,548,city,MT
Figueirópolis D'Oeste,5103809,594,17207.41599,2022-03-24,0.0152,9,3452.0,3494.0,True,544,city,MT
Gaúcha do Norte,5103858,1909,24530.9689,2022-03-24,0.0157,30,7782.0,7648.0,True,546,city,MT
General Carneiro,5103908,1005,17972.103,2022-03-24,0.0239,24,5592.0,5540.0,True,543,city,MT
Glória D'Oeste,5103957,780,25930.85106,2022-03-24,0.0192,15,3008.0,3026.0,True,513,city,MT
Guarantã do Norte,5104104,7408,20503.73651,2022-03-24,0.0193,143,36130.0,35816.0,True,570,city,MT
Guiratinga,5104203,1800,11807.14989,2022-03-24,0.0233,42,15245.0,15141.0,True,560,city,MT
Importados/Indefinidos,,5728,,2022-03-24,0.0484,277,,,True,611,city,MT
Indiavaí,5104500,527,18963.65599,2022-03-24,0.0247,13,2779.0,2752.0,True,537,city,MT
Ipiranga do Norte,5104526,2184,27575.75758,2022-03-24,0.0096,21,7920.0,7667.0,True,599,city,MT
Itanhangá,5104542,2184,31721.1329,2022-03-24,0.0069,15,6885.0,6737.0,True,558,city,MT
Itaúba,5104559,1297,35016.1987,2022-03-24,0.0239,31,3704.0,3802.0,True,547,city,MT
Itiquira,5104609,1622,11968.71311,2022-03-24,0.0111,18,13552.0,13345.0,True,552,city,MT
Jaciara,5104807,4187,15057.35966,2022-03-24,0.0284,119,27807.0,27776.0,True,595,city,MT
Jangada,5104906,745,8815.52479,2022-03-24,0.0309,23,8451.0,8409.0,True,589,city,MT
Jauru,5105002,1315,15322.76859,2022-03-24,0.0281,37,8582.0,8793.0,True,568,city,MT
Juara,5105101,6066,17271.71778,2022-03-24,0.017,103,35121.0,34974.0,True,564,city,MT
Juína,5105150,6069,14766.06409,2022-03-24,0.0255,155,41101.0,40997.0,True,565,city,MT
Juruena,5105176,2103,12874.19651,2022-03-24,0.019,40,16335.0,15865.0,True,540,city,MT
Juscimeira,5105200,2128,19040.80172,2022-03-24,0.023,49,11176.0,11221.0,True,573,city,MT
Lambari D'Oeste,5105234,956,15454.25154,2022-03-24,0.0167,16,6186.0,6121.0,True,609,city,MT
Lucas do Rio Verde,5105259,22624,33457.55694,2022-03-24,0.0097,220,67620.0,65534.0,True,615,city,MT
Luciara,5105309,447,21720.11662,2022-03-24,0.0157,7,2058.0,2077.0,True,565,city,MT
Marcelândia,5105580,2031,19716.53238,2022-03-24,0.0231,47,10301.0,10499.0,True,564,city,MT
Matupá,5105606,4020,23938.54582,2022-03-24,0.0149,60,16793.0,16566.0,True,566,city,MT
Mirassol d'Oeste,5105622,6535,23388.56877,2022-03-24,0.0228,149,27941.0,27739.0,True,599,city,MT
Nobres,5105903,3212,20946.91535,2022-03-24,0.0249,80,15334.0,15336.0,True,574,city,MT
Nortelândia,5106000,1310,22117.17035,2022-03-24,0.0206,27,5923.0,5989.0,True,539,city,MT
Nossa Senhora do Livramento,5106109,1578,12042.12454,2022-03-24,0.0272,43,13104.0,13216.0,True,575,city,MT
Nova Bandeirantes,5106158,1823,11622.56933,2022-03-24,0.0159,29,15685.0,15288.0,True,536,city,MT
Nova Brasilândia,5106208,627,16478.318,2022-03-24,0.0159,10,3805.0,3829.0,True,541,city,MT
Nova Canaã do Norte,5106216,3430,26732.13312,2022-03-24,0.0108,37,12831.0,12787.0,True,538,city,MT
Nova Guarita,5108808,1250,28001.79211,2022-03-24,0.0144,18,4464.0,4519.0,True,560,city,MT
Nova Lacerda,5106182,1532,22692.93438,2022-03-24,0.0091,14,6751.0,6640.0,True,580,city,MT
Nova Marilândia,5108857,709,21458.83777,2022-03-24,0.0113,8,3304.0,3278.0,True,549,city,MT
Nova Maringá,5108907,1306,14757.06215,2022-03-24,0.0084,11,8850.0,8641.0,True,557,city,MT
Nova Monte Verde,5108956,2750,29643.20362,2022-03-24,0.0084,23,9277.0,9178.0,True,622,city,MT
Nova Mutum,5106224,12454,26603.72119,2022-03-24,0.0123,153,46813.0,45378.0,True,613,city,MT
Nova Nazaré,5106174,394,10020.34588,2022-03-24,0.0228,9,3932.0,3849.0,True,534,city,MT
Nova Olímpia,5106232,1768,8597.96722,2022-03-24,0.043,76,20563.0,20301.0,True,572,city,MT
Nova Santa Helena,5106190,564,15092.32004,2022-03-24,0.0284,16,3737.0,3718.0,True,561,city,MT
Nova Ubiratã,5106240,1766,14360.05855,2022-03-24,0.0159,28,12298.0,11982.0,True,572,city,MT
Nova Xavantina,5106257,5129,24489.11383,2022-03-24,0.0148,76,20944.0,21374.0,True,572,city,MT
Novo Horizonte do Norte,5106273,1037,25598.61763,2022-03-24,0.0087,9,4051.0,4004.0,True,531,city,MT
Novo Mundo,5106265,1730,18476.98387,2022-03-24,0.0127,22,9363.0,9178.0,True,567,city,MT
Novo Santo Antônio,5106315,641,23696.85767,2022-03-24,0.0094,6,2705.0,2640.0,True,558,city,MT
Novo São Joaquim,5106281,990,20048.60267,2022-03-24,0.0242,24,4938.0,5074.0,True,530,city,MT
Paranaíta,5106299,4526,40252.57915,2022-03-24,0.0084,38,11244.0,11225.0,True,559,city,MT
Paranatinga,5106307,4979,21779.44972,2022-03-24,0.0177,88,22861.0,22563.0,True,554,city,MT
Pedra Preta,5106372,2856,16370.51473,2022-03-24,0.0245,70,17446.0,17626.0,True,566,city,MT
Peixoto de Azevedo,5106422,5148,14567.88726,2022-03-24,0.0282,145,35338.0,34976.0,True,587,city,MT
Planalto da Serra,5106455,784,29596.07399,2022-03-24,0.0115,9,2649.0,2662.0,True,520,city,MT
Poconé,5106505,4829,14494.97223,2022-03-24,0.0199,96,33315.0,32843.0,True,590,city,MT
Pontal do Araguaia,5106653,1464,21394.12538,2022-03-24,0.0178,26,6843.0,6711.0,True,594,city,MT
Ponte Branca,5106703,359,23161.29032,2022-03-24,0.0167,6,1550.0,1576.0,True,579,city,MT
Pontes e Lacerda,5106752,10085,22032.15799,2022-03-24,0.025,252,45774.0,45436.0,True,603,city,MT
Porto Alegre do Norte,5106778,1446,11399.2905,2022-03-24,0.0159,23,12685.0,12517.0,True,569,city,MT
Porto dos Gaúchos,5106802,1683,31381.68935,2022-03-24,0.0059,10,5363.0,5410.0,True,544,city,MT
Porto Esperidião,5106828,2116,17491.94015,2022-03-24,0.0288,61,12097.0,12017.0,True,559,city,MT
Porto Estrela,5106851,745,25895.02954,2022-03-24,0.0188,14,2877.0,2963.0,True,537,city,MT
Poxoréu,5107008,3132,19678.31113,2022-03-24,0.0195,61,15916.0,16219.0,True,586,city,MT
Primavera do Leste,5107040,21758,34486.14721,2022-03-24,0.0159,346,63092.0,62019.0,True,610,city,MT
Querência,5107065,4355,24279.42242,2022-03-24,0.0163,71,17937.0,17479.0,True,593,city,MT
Reserva do Cabaçal,5107156,451,16441.85199,2022-03-24,0.0155,7,2743.0,2732.0,True,530,city,MT
Ribeirão Cascalheira,5107180,2129,20611.86949,2022-03-24,0.0188,40,10329.0,10206.0,True,567,city,MT
Ribeirãozinho,5107198,393,16226.25929,2022-03-24,0.0305,12,2422.0,2405.0,True,531,city,MT
Rio Branco,5107206,1261,24485.43689,2022-03-24,0.0167,21,5150.0,5156.0,True,595,city,MT
Rondolândia,5107578,548,13577.7998,2022-03-24,0.0091,5,4036.0,4001.0,True,572,city,MT
Rondonópolis,5107602,44021,18649.6471,2022-03-24,0.0221,974,236042.0,232491.0,True,618,city,MT
Rosário Oeste,5107701,2241,13140.61217,2022-03-24,0.0277,62,17054.0,17151.0,True,582,city,MT
Salto do Céu,5107750,281,8528.07284,2022-03-24,0.032,9,3295.0,3365.0,True,530,city,MT
Santa Carmem,5107248,1309,28687.26715,2022-03-24,0.0115,15,4563.0,4525.0,True,551,city,MT
Santa Cruz do Xingu,5107743,645,24496.77174,2022-03-24,0.0109,7,2633.0,2564.0,True,553,city,MT
Santa Rita do Trivelato,5107768,372,10610.3822,2022-03-24,0.0108,4,3506.0,3429.0,True,572,city,MT
Santa Terezinha,5107776,1022,12080.37825,2022-03-24,0.0157,16,8460.0,8371.0,True,537,city,MT
Santo Afonso,5107263,502,15911.25198,2022-03-24,0.0279,14,3155.0,3146.0,True,558,city,MT
Santo Antônio do Leste,5107792,511,9580.05249,2022-03-24,0.0157,8,5334.0,5174.0,True,554,city,MT
Santo Antônio do Leverger,5107800,1927,11335.96094,2022-03-24,0.0337,65,16999.0,16628.0,True,578,city,MT
São Félix do Araguaia,5107859,2434,20552.22494,2022-03-24,0.0177,43,11843.0,11708.0,True,574,city,MT
São José do Povo,5107297,217,4876.40449,2022-03-24,0.0369,8,4450.0,4063.0,True,567,city,MT
São José do Rio Claro,5107305,2471,11760.5064,2022-03-24,0.0166,41,21011.0,20664.0,True,552,city,MT
São José dos Quatro Marcos,5107107,4401,23352.43553,2022-03-24,0.0257,113,18846.0,18906.0,True,611,city,MT
São José do Xingu,5107354,1329,23647.68683,2022-03-24,0.015,20,5620.0,5595.0,True,567,city,MT
São Pedro da Cipa,5107404,1060,22217.56445,2022-03-24,0.0255,27,4771.0,4727.0,True,582,city,MT
Sapezal,5107875,7333,27476.76859,2022-03-24,0.009,66,26688.0,25881.0,True,568,city,MT
Serra Nova Dourada,5107883,524,31227.65197,2022-03-24,0.0134,7,1678.0,1650.0,True,544,city,MT
Sinop,5107909,33608,23018.38978,2022-03-24,0.0146,489,146005.0,142996.0,True,615,city,MT
Sorriso,5107925,22031,23748.23486,2022-03-24,0.0109,241,92769.0,90313.0,True,582,city,MT
Tabaporã,5107941,1648,17477.99342,2022-03-24,0.0158,26,9429.0,9489.0,True,548,city,MT
Tangará da Serra,5107958,23090,21842.57078,2022-03-24,0.0168,387,105711.0,103750.0,True,616,city,MT
Tapurah,5108006,3812,27139.39912,2022-03-24,0.0092,35,14046.0,13705.0,True,576,city,MT
Terra Nova do Norte,5108055,2290,24173.96812,2022-03-24,0.0192,44,9473.0,9667.0,True,565,city,MT
Tesouro,5108105,646,16893.30544,2022-03-24,0.0248,16,3824.0,3805.0,True,526,city,MT
Torixoréu,5108204,1001,28221.03186,2022-03-24,0.023,23,3547.0,3609.0,True,519,city,MT
União do Sul,5108303,1133,32464.18338,2022-03-24,0.0141,16,3490.0,3525.0,True,611,city,MT
Vale de São Domingos,5108352,551,17626.35956,2022-03-24,0.02,11,3126.0,3127.0,True,579,city,MT
Várzea Grande,5108402,52397,18223.39545,2022-03-24,0.0286,1499,287526.0,284971.0,True,623,city,MT
Vera,5108501,1812,15891.94878,2022-03-24,0.0193,35,11402.0,11309.0,True,562,city,MT
Vila Bela da Santíssima Trindade,5105507,3611,22192.85846,2022-03-24,0.0161,58,16271.0,16128.0,True,597,city,MT
Vila Rica,5108600,3976,15006.03865,2022-03-24,0.0133,53,26496.0,26037.0,True,572,city,MT
,51,723464,20516.7006,2022-03-24,0.0205,14852,3526220.0,3484466.0,False,731,state,MT
,15,749526,8624.41597,2022-03-24,0.0241,18066,8690745.0,8602865.0,False,737,state,PA
,25,593496,14693.12454,2022-03-24,0.0172,10183,4039277.0,4018127.0,False,735,state,PB
,26,887237,9226.07847,2022-03-24,0.024,21333,9616621.0,9557071.0,False,743,state,PE
Acauã,2200053,228,3210.36328,2022-03-24,0.0088,2,7102.0,7084.0,False,656,city,PI
Agricolândia,2200103,829,16156.6946,2022-03-24,0.0121,10,5131.0,5139.0,False,648,city,PI
Água Branca,2200202,1702,9742.41557,2022-03-24,0.0452,77,17470.0,17411.0,False,697,city,PI
Alagoinha do Piauí,2200251,402,5244.6184,2022-03-24,0.0323,13,7665.0,7651.0,False,662,city,PI
Alegrete do Piauí,2200277,553,11244.4083,2022-03-24,0.0163,9,4918.0,4915.0,False,644,city,PI
Alto Longá,2200301,858,5983.68087,2022-03-24,0.0175,15,14339.0,14304.0,False,678,city,PI
Altos,2200400,5568,13712.59697,2022-03-24,0.0192,107,40605.0,40524.0,False,705,city,PI
Alvorada do Gurguéia,2200459,709,13021.12029,2022-03-24,0.0197,14,5445.0,5419.0,False,696,city,PI
Amarante,2200509,1736,9861.39514,2022-03-24,0.0207,36,17604.0,17598.0,False,688,city,PI
Angical do Piauí,2200608,901,13283.20802,2022-03-24,0.0133,12,6783.0,6788.0,False,702,city,PI
Anísio de Abreu,2200707,291,2928.15456,2022-03-24,0.0515,15,9938.0,9880.0,False,695,city,PI
Antônio Almeida,2200806,409,12902.2082,2022-03-24,0.0269,11,3170.0,3164.0,False,631,city,PI
Aroazes,2200905,699,11995.88124,2022-03-24,0.0215,15,5827.0,5835.0,False,691,city,PI
Aroeiras do Itaim,2200954,188,7369.65896,2022-03-24,0.0106,2,2551.0,2551.0,False,626,city,PI
Arraial,2201002,172,3644.0678,2022-03-24,0.0174,3,4720.0,4727.0,False,574,city,PI
Assunção do Piauí,2201051,410,5214.2948,2022-03-24,0.0244,10,7863.0,7846.0,False,644,city,PI
Avelino Lopes,2201101,527,4653.01077,2022-03-24,0.0436,23,11326.0,11289.0,False,672,city,PI
Baixa Grande do Ribeiro,2201150,2672,22894.35353,2022-03-24,0.0135,36,11671.0,11586.0,False,683,city,PI
Barra D'Alcântara,2201176,156,3947.36842,2022-03-24,0.0321,5,3952.0,3951.0,False,636,city,PI
Barras,2201200,5936,12580.26915,2022-03-24,0.0175,104,47185.0,47066.0,False,693,city,PI
Barreiras do Piauí,2201309,114,3400.95465,2022-03-24,0.0351,4,3352.0,3348.0,False,667,city,PI
Barro Duro,2201408,810,11526.96741,2022-03-24,0.0148,12,7027.0,7032.0,False,665,city,PI
Batalha,2201507,1453,5400.48318,2022-03-24,0.0275,40,26905.0,26857.0,False,686,city,PI
Bela Vista do Piauí,2201556,324,8039.70223,2022-03-24,0.0216,7,4030.0,4015.0,False,675,city,PI
Belém do Piauí,2201572,624,17396.15277,2022-03-24,0.0128,8,3587.0,3566.0,False,671,city,PI
Beneditinos,2201606,1474,14074.28626,2022-03-24,0.0278,41,10473.0,10467.0,False,686,city,PI
Bertolínia,2201705,1140,20700.92609,2022-03-24,0.0105,12,5507.0,5501.0,False,687,city,PI
Betânia do Piauí,2201739,183,2946.8599,2022-03-24,0.0219,4,6210.0,6205.0,False,700,city,PI
Boa Hora,2201770,607,8906.82318,2022-03-24,0.0115,7,6815.0,6781.0,False,691,city,PI
Bocaina,2201804,451,10011.09878,2022-03-24,0.0244,11,4505.0,4500.0,False,668,city,PI
Bom Jesus,2201903,3840,15125.85181,2022-03-24,0.0135,52,25387.0,25179.0,False,696,city,PI
Bom Princípio do Piauí,2201919,240,4247.03592,2022-03-24,0.0542,13,5651.0,5630.0,False,703,city,PI
Bonfim do Piauí,2201929,518,9111.69745,2022-03-24,0.0174,9,5685.0,5670.0,False,705,city,PI
Boqueirão do Piauí,2201945,884,13756.61376,2022-03-24,0.0158,14,6426.0,6407.0,False,653,city,PI
Brasileira,2201960,739,8853.48029,2022-03-24,0.0284,21,8347.0,8329.0,False,664,city,PI
Brejo do Piauí,2201988,160,4158.00416,2022-03-24,0.0312,5,3848.0,3875.0,False,625,city,PI
Buriti dos Lopes,2202000,1494,7542.7879,2022-03-24,0.0248,37,19807.0,19781.0,False,694,city,PI
Buriti dos Montes,2202026,722,8736.68925,2022-03-24,0.0139,10,8264.0,8244.0,False,670,city,PI
Cabeceiras do Piauí,2202059,759,7140.16933,2022-03-24,0.0224,17,10630.0,10586.0,False,671,city,PI
Cajazeiras do Piauí,2202075,83,2322.97789,2022-03-24,0.0241,2,3573.0,3559.0,False,667,city,PI
Cajueiro da Praia,2202083,499,6502.47589,2022-03-24,0.0421,21,7674.0,7642.0,False,656,city,PI
Caldeirão Grande do Piauí,2202091,551,9531.22297,2022-03-24,0.0036,2,5781.0,5776.0,False,667,city,PI
Campinas do Piauí,2202109,254,4519.57295,2022-03-24,0.0079,2,5620.0,5613.0,False,662,city,PI
Campo Alegre do Fidalgo,2202117,404,7970.01381,2022-03-24,0.005,2,5069.0,5045.0,False,663,city,PI
Campo Grande do Piauí,2202133,518,8683.98994,2022-03-24,0.0212,11,5965.0,5943.0,False,675,city,PI
Campo Largo do Piauí,2202174,519,7098.89208,2022-03-24,0.0154,8,7311.0,7279.0,False,668,city,PI
Campo Maior,2202208,6817,14537.35099,2022-03-24,0.0246,168,46893.0,46833.0,False,717,city,PI
Canavieira,2202251,305,7733.26572,2022-03-24,0.023,7,3944.0,3950.0,False,558,city,PI
Canto do Buriti,2202307,1604,7545.39467,2022-03-24,0.0312,50,21258.0,21187.0,False,695,city,PI
Capitão de Campos,2202406,852,7444.29882,2022-03-24,0.0352,30,11445.0,11417.0,False,671,city,PI
Capitão Gervásio Oliveira,2202455,144,3500.24307,2022-03-24,0.0764,11,4114.0,4100.0,False,669,city,PI
Caracol,2202505,442,4031.37541,2022-03-24,0.0385,17,10964.0,10916.0,False,707,city,PI
Caraúbas do Piauí,2202539,194,3293.71817,2022-03-24,0.0619,12,5890.0,5868.0,False,662,city,PI
Caridade do Piauí,2202554,749,14729.59685,2022-03-24,0.0067,5,5085.0,5067.0,False,652,city,PI
Castelo do Piauí,2202604,2249,11407.5577,2022-03-24,0.0173,39,19715.0,19716.0,False,697,city,PI
Caxingó,2202653,157,2880.20547,2022-03-24,0.0127,2,5451.0,5424.0,False,657,city,PI
Cocal,2202703,1568,5631.17256,2022-03-24,0.0319,50,27845.0,27787.0,False,686,city,PI
Cocal de Telha,2202711,625,12757.70565,2022-03-24,0.0208,13,4899.0,4891.0,False,682,city,PI
Cocal dos Alves,2202729,425,6890.40208,2022-03-24,0.0165,7,6168.0,6153.0,False,688,city,PI
Coivaras,2202737,340,8432.53968,2022-03-24,0.0176,6,4032.0,4020.0,False,683,city,PI
Colônia do Gurguéia,2202752,690,10589.3186,2022-03-24,0.0203,14,6516.0,6484.0,False,700,city,PI
Colônia do Piauí,2202778,770,10050.90719,2022-03-24,0.0065,5,7661.0,7656.0,False,688,city,PI
Conceição do Canindé,2202802,527,10963.1787,2022-03-24,0.0133,7,4807.0,4803.0,False,627,city,PI
Coronel José Dias,2202851,131,2796.15795,2022-03-24,0.0458,6,4685.0,4682.0,False,637,city,PI
Corrente,2202901,2065,7731.47628,2022-03-24,0.0169,35,26709.0,26644.0,False,693,city,PI
Cristalândia do Piauí,2203008,70,841.04289,2022-03-24,0.0571,4,8323.0,8294.0,False,601,city,PI
Cristino Castro,2203107,1059,10139.79318,2022-03-24,0.0123,13,10444.0,10423.0,False,667,city,PI
Curimatá,2203206,1212,10607.38666,2022-03-24,0.0149,18,11426.0,11388.0,False,671,city,PI
Currais,2203230,386,7769.72625,2022-03-24,0.0078,3,4968.0,4954.0,False,683,city,PI
Curralinhos,2203255,509,11415.1155,2022-03-24,0.0059,3,4459.0,4443.0,False,662,city,PI
Curral Novo do Piauí,2203271,309,5757.40637,2022-03-24,0.0065,2,5367.0,5343.0,False,664,city,PI
Demerval Lobão,2203305,3806,27500.0,2022-03-24,0.0102,39,13840.0,13817.0,False,704,city,PI
Dirceu Arcoverde,2203354,308,4381.84664,2022-03-24,0.0325,10,7029.0,7011.0,False,674,city,PI
Dom Expedito Lopes,2203404,655,9462.58307,2022-03-24,0.0183,12,6922.0,6904.0,False,679,city,PI
Domingos Mourão,2203420,276,6338.99862,2022-03-24,0.0145,4,4354.0,4355.0,False,667,city,PI
Dom Inocêncio,2203453,321,3355.98536,2022-03-24,0.0218,7,9565.0,9556.0,False,672,city,PI
Elesbão Veloso,2203503,716,4912.52144,2022-03-24,0.0461,33,14575.0,14602.0,False,694,city,PI
Eliseu Martins,2203602,301,6105.47667,2022-03-24,0.0532,16,4930.0,4915.0,False,619,city,PI
Esperantina,2203701,2945,7390.58422,2022-03-24,0.0316,93,39848.0,39737.0,False,703,city,PI
Fartura do Piauí,2203750,189,3553.29949,2022-03-24,0.0317,6,5319.0,5307.0,False,693,city,PI
Flores do Piauí,2203800,188,4213.35724,2022-03-24,0.0266,5,4462.0,4463.0,False,653,city,PI
Floresta do Piauí,2203859,101,3945.3125,2022-03-24,0.0396,4,2560.0,2558.0,False,649,city,PI
Floriano,2203909,9801,16328.19658,2022-03-24,0.0184,180,60025.0,59935.0,False,701,city,PI
Francinópolis,2204006,76,1421.35777,2022-03-24,0.0789,6,5347.0,5348.0,False,703,city,PI
Francisco Ayres,2204105,436,10085.58871,2022-03-24,0.0161,7,4323.0,4348.0,False,690,city,PI
Francisco Macedo,2204154,501,15656.25,2022-03-24,0.012,6,3200.0,3184.0,False,608,city,PI
Francisco Santos,2204204,692,7383.69612,2022-03-24,0.0116,8,9372.0,9319.0,False,687,city,PI
Fronteiras,2204303,1091,9357.57784,2022-03-24,0.0101,11,11659.0,11625.0,False,682,city,PI
Geminiano,2204352,517,9468.86447,2022-03-24,0.0116,6,5460.0,5442.0,False,640,city,PI
Gilbués,2204402,908,8490.74247,2022-03-24,0.0077,7,10694.0,10690.0,False,665,city,PI
Guadalupe,2204501,1474,14042.10727,2022-03-24,0.019,28,10497.0,10499.0,False,664,city,PI
Guaribas,2204550,108,2364.2732,2022-03-24,0.0185,2,4568.0,4562.0,False,620,city,PI
Hugo Napoleão,2204600,811,20907.45037,2022-03-24,0.0111,9,3879.0,3877.0,False,671,city,PI
Ilha Grande,2204659,1292,13661.83779,2022-03-24,0.0163,21,9457.0,9426.0,False,696,city,PI
Inhuma,2204709,1778,11606.50173,2022-03-24,0.0157,28,15319.0,15308.0,False,704,city,PI
Ipiranga do Piauí,2204808,846,8599.3088,2022-03-24,0.0225,19,9838.0,9811.0,False,682,city,PI
Isaías Coelho,2204907,914,10670.09106,2022-03-24,0.0098,9,8566.0,8549.0,False,662,city,PI
Itainópolis,2205003,1393,12059.56194,2022-03-24,0.0093,13,11551.0,11530.0,False,666,city,PI
Itaueira,2205102,206,1867.97243,2022-03-24,0.1311,27,11028.0,11019.0,False,700,city,PI
Jacobina do Piauí,2205151,402,7016.9314,2022-03-24,0.01,4,5729.0,5741.0,False,632,city,PI
Jaicós,2205201,2513,13109.02452,2022-03-24,0.0167,42,19170.0,19104.0,False,671,city,PI
Jardim do Mulato,2205250,278,6159.98227,2022-03-24,0.0144,4,4513.0,4504.0,False,591,city,PI
Jatobá do Piauí,2205276,385,7897.4359,2022-03-24,0.026,10,4875.0,4865.0,False,652,city,PI
Jerumenha,2205300,211,4744.77176,2022-03-24,0.0332,7,4447.0,4452.0,False,657,city,PI
João Costa,2205359,319,10615.6406,2022-03-24,0.0094,3,3005.0,3008.0,False,595,city,PI
Joaquim Pires,2205409,1682,11700.05565,2022-03-24,0.019,32,14376.0,14354.0,False,670,city,PI
Joca Marques,2205458,613,11214.78229,2022-03-24,0.0131,8,5466.0,5443.0,False,643,city,PI
José de Freitas,2205508,6718,17078.50315,2022-03-24,0.0131,88,39336.0,39208.0,False,696,city,PI
Juazeiro do Piauí,2205516,517,9425.70647,2022-03-24,0.0077,4,5485.0,5478.0,False,671,city,PI
Júlio Borges,2205524,150,2659.57447,2022-03-24,0.1,15,5640.0,5627.0,False,688,city,PI
Jurema,2205532,307,6426.62759,2022-03-24,0.0228,7,4777.0,4763.0,False,630,city,PI
Lagoa Alegre,2205557,374,4360.49901,2022-03-24,0.0348,13,8577.0,8542.0,False,642,city,PI
Lagoa de São Francisco,2205573,605,8927.25395,2022-03-24,0.0066,4,6777.0,6758.0,False,660,city,PI
Lagoa do Barro do Piauí,2205565,1065,22873.71134,2022-03-24,0.0085,9,4656.0,4655.0,False,701,city,PI
Lagoa do Piauí,2205581,1057,25938.65031,2022-03-24,0.0057,6,4075.0,4064.0,False,677,city,PI
Lagoa do Sítio,2205599,97,1866.10235,2022-03-24,0.134,13,5198.0,5177.0,False,674,city,PI
Lagoinha do Piauí,2205540,395,13820.85374,2022-03-24,0.0228,9,2858.0,2845.0,False,654,city,PI
Landri Sales,2205607,1211,22922.58187,2022-03-24,0.019,23,5283.0,5295.0,False,675,city,PI
Luís Correia,2205706,2148,7056.96826,2022-03-24,0.0307,66,30438.0,30311.0,False,703,city,PI
Luzilândia,2205805,2755,10802.2271,2022-03-24,0.0221,61,25504.0,25486.0,False,697,city,PI
Madeiro,2205854,412,4938.86358,2022-03-24,0.0146,6,8342.0,8310.0,False,666,city,PI
Manoel Emídio,2205904,504,9418.80022,2022-03-24,0.0377,19,5351.0,5349.0,False,696,city,PI
Marcolândia,2205953,993,11623.55145,2022-03-24,0.0211,21,8543.0,8492.0,False,680,city,PI
Marcos Parente,2206001,396,8709.03893,2022-03-24,0.0227,9,4547.0,4549.0,False,686,city,PI
Massapê do Piauí,2206050,344,5334.16033,2022-03-24,0.0087,3,6449.0,6441.0,False,643,city,PI
Matias Olímpio,2206100,728,6643.54809,2022-03-24,0.0192,14,10958.0,10936.0,False,677,city,PI
Miguel Alves,2206209,2294,6780.36237,2022-03-24,0.0166,38,33833.0,33760.0,False,700,city,PI
Miguel Leão,2206308,289,23268.9211,2022-03-24,0.0104,3,1242.0,1246.0,False,635,city,PI
Milton Brandão,2206357,322,4872.88136,2022-03-24,0.0093,3,6608.0,6613.0,False,664,city,PI
Monsenhor Gil,2206407,1819,17218.85649,2022-03-24,0.0242,44,10564.0,10564.0,False,693,city,PI
Monsenhor Hipólito,2206506,786,10119.73735,2022-03-24,0.0076,6,7767.0,7749.0,False,688,city,PI
Monte Alegre do Piauí,2206605,1192,11229.39237,2022-03-24,0.0159,19,10615.0,10613.0,False,649,city,PI
Morro Cabeça no Tempo,2206654,166,3664.45916,2022-03-24,0.0241,4,4530.0,4532.0,False,692,city,PI
Morro do Chapéu do Piauí,2206670,1147,16840.40523,2022-03-24,0.0061,7,6811.0,6796.0,False,681,city,PI
Murici dos Portelas,2206696,330,3583.45097,2022-03-24,0.0333,11,9209.0,9159.0,False,644,city,PI
Nazaré do Piauí,2206704,455,6214.14914,2022-03-24,0.033,15,7322.0,7339.0,False,697,city,PI
Nazária,2206720,454,5277.84236,2022-03-24,0.0419,19,8602.0,8570.0,False,699,city,PI
Nossa Senhora de Nazaré,2206753,594,12144.75567,2022-03-24,0.032,19,4891.0,4870.0,False,646,city,PI
Nossa Senhora dos Remédios,2206803,947,10856.35676,2022-03-24,0.0169,16,8723.0,8692.0,False,671,city,PI
Nova Santa Rita,2207959,151,3445.12891,2022-03-24,0.0265,4,4383.0,4374.0,False,672,city,PI
Novo Oriente do Piauí,2206902,426,6497.86455,2022-03-24,0.0305,13,6556.0,6565.0,False,639,city,PI
Novo Santo Antônio,2206951,281,9357.30936,2022-03-24,0.0178,5,3003.0,2991.0,False,667,city,PI
Oeiras,2207009,6021,16235.6748,2022-03-24,0.0151,91,37085.0,37029.0,False,695,city,PI
Olho D'Água do Piauí,2207108,291,11790.92382,2022-03-24,0.0103,3,2468.0,2459.0,False,672,city,PI
Padre Marcos,2207207,529,7696.78452,2022-03-24,0.017,9,6873.0,6868.0,False,670,city,PI
Paes Landim,2207306,240,5816.77169,2022-03-24,0.0333,8,4126.0,4129.0,False,649,city,PI
Pajeú do Piauí,2207355,104,3055.22914,2022-03-24,0.0865,9,3404.0,3389.0,False,640,city,PI
Palmeira do Piauí,2207405,237,4706.11597,2022-03-24,0.0253,6,5036.0,5043.0,False,648,city,PI
Palmeirais,2207504,332,2275.99918,2022-03-24,0.0723,24,14587.0,14539.0,False,692,city,PI
Paquetá,2207553,196,4978.40996,2022-03-24,0.0459,9,3937.0,3945.0,False,629,city,PI
Parnaguá,2207603,327,3022.46049,2022-03-24,0.0306,10,10819.0,10791.0,False,670,city,PI
Parnaíba,2207702,19496,12702.46674,2022-03-24,0.0247,482,153482.0,153078.0,False,723,city,PI
Passagem Franca do Piauí,2207751,258,5968.07772,2022-03-24,0.0426,11,4323.0,4313.0,False,672,city,PI
Patos do Piauí,2207777,453,7071.49547,2022-03-24,0.0265,12,6406.0,6392.0,False,650,city,PI
Pau D'Arco do Piauí,2207793,458,11266.91267,2022-03-24,0.0109,5,4065.0,4045.0,False,676,city,PI
Paulistana,2207801,1308,6363.72482,2022-03-24,0.0138,18,20554.0,20523.0,False,671,city,PI
Pavussu,2207850,502,13682.20223,2022-03-24,0.0299,15,3669.0,3677.0,False,675,city,PI
Pedro II,2207900,5046,13012.53288,2022-03-24,0.0228,115,38778.0,38742.0,False,701,city,PI
Pedro Laurentino,2207934,80,3144.65409,2022-03-24,0.025,2,2544.0,2536.0,False,670,city,PI
Picos,2208007,11629,14827.04543,2022-03-24,0.0157,182,78431.0,78222.0,False,705,city,PI
Pimenteiras,2208106,1332,10972.89727,2022-03-24,0.0233,31,12139.0,12127.0,False,707,city,PI
Pio IX,2208205,1708,9252.93895,2022-03-24,0.0135,23,18459.0,18425.0,False,693,city,PI
Piracuruca,2208304,3021,10462.70001,2022-03-24,0.0351,106,28874.0,28791.0,False,714,city,PI
Piripiri,2208403,13766,21581.19993,2022-03-24,0.0152,209,63787.0,63742.0,False,695,city,PI
Porto,2208502,553,4386.10406,2022-03-24,0.0271,15,12608.0,12568.0,False,687,city,PI
Porto Alegre do Piauí,2208551,186,6838.23529,2022-03-24,0.0215,4,2720.0,2710.0,False,618,city,PI
Prata do Piauí,2208601,265,8412.69841,2022-03-24,0.0189,5,3150.0,3151.0,False,650,city,PI
Queimada Nova,2208650,750,8317.62227,2022-03-24,0.008,6,9017.0,8992.0,False,692,city,PI
Redenção do Gurguéia,2208700,890,10118.23556,2022-03-24,0.0236,21,8796.0,8778.0,False,682,city,PI
Regeneração,2208809,1071,5956.94977,2022-03-24,0.0243,26,17979.0,17978.0,False,687,city,PI
Riacho Frio,2208858,138,3202.59921,2022-03-24,0.0362,5,4309.0,4312.0,False,603,city,PI
Ribeira do Piauí,2208874,46,1024.95544,2022-03-24,0.1522,7,4488.0,4477.0,False,702,city,PI
Ribeiro Gonçalves,2208908,968,13123.64425,2022-03-24,0.0165,16,7376.0,7341.0,False,677,city,PI
Rio Grande do Piauí,2209005,484,7523.70589,2022-03-24,0.0186,9,6433.0,6432.0,False,695,city,PI
Santa Cruz do Piauí,2209104,877,14038.73859,2022-03-24,0.0171,15,6247.0,6240.0,False,670,city,PI
Santa Cruz dos Milagres,2209153,289,7165.88148,2022-03-24,0.0069,2,4033.0,4019.0,False,629,city,PI
Santa Filomena,2209203,148,2366.48545,2022-03-24,0.027,4,6254.0,6253.0,False,662,city,PI
Santa Luz,2209302,260,4420.26522,2022-03-24,0.0308,8,5882.0,5860.0,False,684,city,PI
Santana do Piauí,2209351,285,6139.595,2022-03-24,0.0246,7,4642.0,4634.0,False,663,city,PI
Santa Rosa do Piauí,2209377,193,3672.69267,2022-03-24,0.0311,6,5255.0,5257.0,False,640,city,PI
Santo Antônio de Lisboa,2209401,125,1940.69244,2022-03-24,0.04,5,6441.0,6415.0,False,670,city,PI
Santo Antônio dos Milagres,2209450,266,12280.70175,2022-03-24,0.0113,3,2166.0,2161.0,False,650,city,PI
Santo Inácio do Piauí,2209500,283,7441.49356,2022-03-24,0.0212,6,3803.0,3798.0,False,645,city,PI
São Braz do Piauí,2209559,106,2381.48731,2022-03-24,0.1226,13,4451.0,4448.0,False,623,city,PI
São Félix do Piauí,2209609,426,14529.33151,2022-03-24,0.0094,4,2932.0,2942.0,False,630,city,PI
São Francisco de Assis do Piauí,2209658,142,2457.17252,2022-03-24,0.0211,3,5779.0,5755.0,False,666,city,PI
São Francisco do Piauí,2209708,229,3566.97819,2022-03-24,0.0437,10,6420.0,6423.0,False,694,city,PI
São Gonçalo do Gurguéia,2209757,231,7556.42787,2022-03-24,0.0216,5,3057.0,3041.0,False,640,city,PI
São Gonçalo do Piauí,2209807,469,9324.05567,2022-03-24,0.0171,8,5030.0,5015.0,False,688,city,PI
São João da Canabrava,2209856,622,13480.71088,2022-03-24,0.0129,8,4614.0,4608.0,False,675,city,PI
São João da Fronteira,2209872,267,4403.0343,2022-03-24,0.0262,7,6064.0,6042.0,False,682,city,PI
São João da Serra,2209906,431,7040.18295,2022-03-24,0.0394,17,6122.0,6139.0,False,655,city,PI
São João da Varjota,2209955,362,7466.9967,2022-03-24,0.0055,2,4848.0,4840.0,False,632,city,PI
São João do Arraial,2209971,930,11570.0423,2022-03-24,0.0108,10,8038.0,7989.0,False,660,city,PI
São João do Piauí,2210003,3644,17636.24044,2022-03-24,0.0104,38,20662.0,20601.0,False,689,city,PI
São José do Divino,2210052,356,6649.23422,2022-03-24,0.0365,13,5354.0,5346.0,False,724,city,PI
São José do Peixe,2210102,306,8179.63111,2022-03-24,0.0098,3,3741.0,3745.0,False,683,city,PI
São José do Piauí,2210201,250,3731.34328,2022-03-24,0.036,9,6700.0,6705.0,False,703,city,PI
São Julião,2210300,362,5681.99655,2022-03-24,0.0387,14,6371.0,6363.0,False,690,city,PI
São Lourenço do Piauí,2210359,69,1507.53769,2022-03-24,0.0435,3,4577.0,4573.0,False,691,city,PI
São Luis do Piauí,2210375,189,7142.85714,2022-03-24,0.0053,1,2646.0,2644.0,False,683,city,PI
São Miguel da Baixa Grande,2210383,196,7986.96007,2022-03-24,0.0153,3,2454.0,2452.0,False,688,city,PI
São Miguel do Fidalgo,2210391,216,7109.94075,2022-03-24,0.0185,4,3038.0,3039.0,False,629,city,PI
São Miguel do Tapuio,2210409,666,3775.72425,2022-03-24,0.021,14,17639.0,17662.0,False,662,city,PI
São Pedro do Piauí,2210508,2077,14500.13963,2022-03-24,0.0154,32,14324.0,14291.0,False,692,city,PI
São Raimundo Nonato,2210607,4345,12458.06692,2022-03-24,0.0157,68,34877.0,34710.0,False,706,city,PI
Sebastião Barros,2210623,25,724.4277,2022-03-24,0.12,3,3451.0,3469.0,False,636,city,PI
Sebastião Leal,2210631,568,13200.09296,2022-03-24,0.0158,9,4303.0,4294.0,False,626,city,PI
Sigefredo Pacheco,2210656,464,4613.24319,2022-03-24,0.0323,15,10058.0,10041.0,False,676,city,PI
Simões,2210706,994,6785.44611,2022-03-24,0.0151,15,14649.0,14633.0,False,662,city,PI
Simplício Mendes,2210805,2000,15691.19724,2022-03-24,0.025,50,12746.0,12711.0,False,681,city,PI
Socorro do Piauí,2210904,218,4777.55862,2022-03-24,0.0321,7,4563.0,4569.0,False,677,city,PI
Sussuapara,2210938,558,8245.89922,2022-03-24,0.0251,14,6767.0,6730.0,False,656,city,PI
Tamboril do Piauí,2210953,56,1911.91533,2022-03-24,0.1429,8,2929.0,2919.0,False,627,city,PI
Tanque do Piauí,2210979,422,15218.17526,2022-03-24,0.0024,1,2773.0,2765.0,False,641,city,PI
Teresina,2211001,119189,13730.26524,2022-03-24,0.0232,2760,868075.0,864845.0,False,732,city,PI
União,2211100,2577,5782.04582,2022-03-24,0.0279,72,44569.0,44485.0,False,702,city,PI
Uruçuí,2211209,4084,18859.38582,2022-03-24,0.0169,69,21655.0,21558.0,False,693,city,PI
Valença do Piauí,2211308,2193,10478.28372,2022-03-24,0.0342,75,20929.0,20918.0,False,689,city,PI
Várzea Branca,2211357,204,4131.22722,2022-03-24,0.0588,12,4938.0,4947.0,False,664,city,PI
Várzea Grande,2211407,561,12790.69767,2022-03-24,0.0018,1,4386.0,4391.0,False,695,city,PI
Vera Mendes,2211506,400,12987.01299,2022-03-24,0.0075,3,3080.0,3077.0,False,679,city,PI
Vila Nova do Piauí,2211605,349,11822.49322,2022-03-24,0.0086,3,2952.0,2971.0,False,687,city,PI
Wall Ferraz,2211704,335,7492.73093,2022-03-24,0.009,3,4471.0,4462.0,False,640,city,PI
,22,367490,11198.91025,2022-03-24,0.021,7719,3281480.0,3273227.0,False,736,state,PI
,41,2403986,20873.65979,2022-03-24,0.0178,42869,11516840.0,11433957.0,False,741,state,PR
,33,2071914,11930.73506,2022-03-24,0.035,72591,17366189.0,17264943.0,False,734,state,RJ
,24,495182,14011.28697,2022-03-24,0.0164,8117,3534165.0,3506853.0,False,693,state,RN
,11,389802,21698.34007,2022-03-24,0.0184,7164,1796460.0,1777225.0,False,714,state,RO
,14,154973,24552.86202,2022-03-24,0.0138,2144,631181.0,605761.0,False,718,state,RR
Aceguá,4300034,763,15439.09348,2022-03-24,0.0105,8,4942.0,4901.0,True,552,city,RS
Água Santa,4300059,830,22174.72616,2022-03-24,0.0133,11,3743.0,3748.0,True,621,city,RS
Agudo,4300109,2992,18242.79007,2022-03-24,0.012,36,16401.0,16461.0,True,600,city,RS
Ajuricaba,4300208,1791,25633.31902,2022-03-24,0.0201,36,6987.0,7024.0,True,646,city,RS
Alecrim,4300307,602,10331.21675,2022-03-24,0.0216,13,5827.0,5950.0,True,611,city,RS
Alegrete,4300406,15009,20552.39086,2022-03-24,0.0216,324,73028.0,73589.0,True,658,city,RS
Alegria,4300455,538,15945.46532,2022-03-24,0.0093,5,3374.0,3464.0,True,572,city,RS
Almirante Tamandaré do Sul,4300471,519,26629.04053,2022-03-24,0.0135,7,1949.0,1964.0,True,544,city,RS
Alpestre,4300505,1209,19927.47651,2022-03-24,0.0141,17,6067.0,6258.0,True,624,city,RS
Alto Alegre,4300554,395,24488.53069,2022-03-24,0.0051,2,1613.0,1638.0,True,526,city,RS
Alto Feliz,4300570,646,21277.99736,2022-03-24,0.0062,4,3036.0,3028.0,True,579,city,RS
Alvorada,4300604,30979,14657.53814,2022-03-24,0.028,868,211352.0,210305.0,True,671,city,RS
Amaral Ferrador,4300638,526,7424.1355,2022-03-24,0.0228,12,7085.0,7031.0,True,521,city,RS
Ametista do Sul,4300646,1710,23098.74375,2022-03-24,0.0158,27,7403.0,7409.0,True,621,city,RS
André da Rocha,4300661,189,14072.97096,2022-03-24,0.0053,1,1343.0,1333.0,True,581,city,RS
Anta Gorda,4300703,973,16322.76464,2022-03-24,0.0082,8,5961.0,5981.0,True,666,city,RS
Antônio Prado,4300802,4377,33553.08547,2022-03-24,0.008,35,13045.0,13050.0,True,623,city,RS
Arambaré,4300851,359,10078.60752,2022-03-24,0.0279,10,3562.0,3581.0,True,561,city,RS
Araricá,4300877,1618,28036.7354,2022-03-24,0.0179,29,5771.0,5698.0,True,597,city,RS
Aratiba,4300901,847,13685.57117,2022-03-24,0.0094,8,6189.0,6235.0,True,596,city,RS
Arroio do Meio,4301008,4916,23446.3681,2022-03-24,0.0114,56,20967.0,20805.0,True,640,city,RS
Arroio do Padre,4301073,394,13351.4063,2022-03-24,0.0102,4,2951.0,2937.0,True,515,city,RS
Arroio do Sal,4301057,2790,27142.71816,2022-03-24,0.0154,43,10279.0,10065.0,True,654,city,RS
Arroio dos Ratos,4301107,1913,13493.68696,2022-03-24,0.0256,49,14177.0,14151.0,True,651,city,RS
Arroio do Tigre,4301206,2497,18616.2678,2022-03-24,0.0092,23,13413.0,13373.0,True,558,city,RS
Arroio Grande,4301305,2652,14541.0681,2022-03-24,0.023,61,18238.0,18293.0,True,599,city,RS
Arvorezinha,4301404,1549,14861.36429,2022-03-24,0.02,31,10423.0,10424.0,True,634,city,RS
Augusto Pestana,4301503,1715,25976.97667,2022-03-24,0.0082,14,6602.0,6661.0,True,529,city,RS
Áurea,4301552,553,15643.56436,2022-03-24,0.0108,6,3535.0,3554.0,True,613,city,RS
Bagé,4301602,17597,14502.82276,2022-03-24,0.0185,326,121335.0,121143.0,True,671,city,RS
Balneário Pinhal,4301636,3378,23518.76349,2022-03-24,0.0184,62,14363.0,14068.0,True,601,city,RS
Barão,4301651,1163,18752.01548,2022-03-24,0.012,14,6202.0,6171.0,True,596,city,RS
Barão de Cotegipe,4301701,1032,15589.12387,2022-03-24,0.0107,11,6620.0,6623.0,True,614,city,RS
Barão do Triunfo,4301750,711,9456.04469,2022-03-24,0.0127,9,7519.0,7487.0,True,565,city,RS
Barracão,4301800,836,15905.63166,2022-03-24,0.0215,18,5256.0,5275.0,True,593,city,RS
Barra do Guarita,4301859,131,4022.10623,2022-03-24,0.0611,8,3257.0,3248.0,True,566,city,RS
Barra do Quaraí,4301875,914,21622.9004,2022-03-24,0.0098,9,4227.0,4215.0,True,547,city,RS
Barra do Ribeiro,4301909,1724,12717.61582,2022-03-24,0.0331,57,13556.0,13491.0,True,616,city,RS
Barra do Rio Azul,4301925,207,12507.55287,2022-03-24,0.0048,1,1655.0,1690.0,True,569,city,RS
Barra Funda,4301958,945,37044.29635,2022-03-24,0.0148,14,2551.0,2539.0,True,579,city,RS
Barros Cassal,4302006,1478,13217.67126,2022-03-24,0.0101,15,11182.0,11199.0,True,627,city,RS
Benjamin Constant do Sul,4302055,203,10367.72217,2022-03-24,0.0148,3,1958.0,1994.0,True,609,city,RS
Bento Gonçalves,4302105,35052,28777.61631,2022-03-24,0.0127,446,121803.0,120454.0,True,670,city,RS
Boa Vista das Missões,4302154,388,18546.84512,2022-03-24,0.018,7,2092.0,2098.0,True,609,city,RS
Boa Vista do Buricá,4302204,1637,24389.15375,2022-03-24,0.0079,13,6712.0,6712.0,True,543,city,RS
Boa Vista do Cadeado,4302220,361,14627.22853,2022-03-24,0.0139,5,2468.0,2470.0,True,549,city,RS
Boa Vista do Incra,4302238,639,24426.6055,2022-03-24,0.0078,5,2616.0,2603.0,True,553,city,RS
Boa Vista do Sul,4302253,543,19546.43629,2022-03-24,0.0092,5,2778.0,2783.0,True,629,city,RS
Bom Jesus,4302303,1725,15253.33805,2022-03-24,0.0151,26,11309.0,11349.0,True,620,city,RS
Bom Princípio,4302352,3432,24075.76289,2022-03-24,0.0099,34,14255.0,14055.0,True,623,city,RS
Bom Progresso,4302378,306,16113.74408,2022-03-24,0.0098,3,1899.0,1942.0,True,609,city,RS
Bom Retiro do Sul,4302402,2012,16238.90234,2022-03-24,0.0199,40,12390.0,12328.0,True,650,city,RS
Boqueirão do Leão,4302451,708,9192.41755,2022-03-24,0.0494,35,7702.0,7714.0,True,566,city,RS
Bossoroca,4302501,600,9669.62127,2022-03-24,0.0367,22,6205.0,6279.0,True,597,city,RS
Bozano,4302584,511,24206.53719,2022-03-24,0.0157,8,2111.0,2123.0,True,546,city,RS
Braga,4302600,682,20598.00664,2022-03-24,0.0147,10,3311.0,3353.0,True,606,city,RS
Brochier,4302659,1071,20983.54232,2022-03-24,0.0065,7,5104.0,5074.0,True,614,city,RS
Butiá,4302709,3026,14442.53532,2022-03-24,0.0212,64,20952.0,20941.0,True,619,city,RS
Caçapava do Sul,4302808,6597,19664.36151,2022-03-24,0.0155,102,33548.0,33624.0,True,624,city,RS
Cacequi,4302907,1387,11164.77501,2022-03-24,0.0115,16,12423.0,12561.0,True,577,city,RS
Cachoeira do Sul,4303004,17288,21116.66198,2022-03-24,0.0134,232,81869.0,82201.0,True,663,city,RS
Cachoeirinha,4303103,19891,15156.20238,2022-03-24,0.0266,529,131240.0,130293.0,True,659,city,RS
Cacique Doble,4303202,1142,22506.89791,2022-03-24,0.0123,14,5074.0,5065.0,True,601,city,RS
Caibaté,4303301,522,10823.13913,2022-03-24,0.0153,8,4823.0,4846.0,True,614,city,RS
Caiçara,4303400,1046,22255.31915,2022-03-24,0.0115,12,4700.0,4743.0,True,578,city,RS
Camaquã,4303509,8992,13526.27937,2022-03-24,0.0202,182,66478.0,66261.0,True,666,city,RS
Camargo,4303558,661,24106.49161,2022-03-24,0.0121,8,2742.0,2733.0,True,614,city,RS
Cambará do Sul,4303608,408,6369.02904,2022-03-24,0.0294,12,6406.0,6431.0,True,593,city,RS
Campestre da Serra,4303673,500,14727.5405,2022-03-24,0.008,4,3395.0,3388.0,True,635,city,RS
Campina das Missões,4303707,1183,21915.52427,2022-03-24,0.0093,11,5398.0,5474.0,True,566,city,RS
Campinas do Sul,4303806,1345,24733.35785,2022-03-24,0.0052,7,5438.0,5454.0,True,637,city,RS
Campo Bom,4303905,16918,24357.16548,2022-03-24,0.0166,280,69458.0,66712.0,True,677,city,RS
Campo Novo,4304002,1221,27902.19378,2022-03-24,0.0188,23,4376.0,4484.0,True,607,city,RS
Campos Borges,4304101,886,26889.2261,2022-03-24,0.0147,13,3295.0,3320.0,True,558,city,RS
Candelária,4304200,5607,17844.75351,2022-03-24,0.0155,87,31421.0,31365.0,True,644,city,RS
Cândido Godói,4304309,1169,19005.03983,2022-03-24,0.0043,5,6151.0,6198.0,True,579,city,RS
Candiota,4304358,2433,25220.27573,2022-03-24,0.0074,18,9647.0,9584.0,True,632,city,RS
Canela,4304408,10200,22423.49631,2022-03-24,0.0202,206,45488.0,44998.0,True,605,city,RS
Canguçu,4304507,8123,14450.90819,2022-03-24,0.015,122,56211.0,56045.0,True,662,city,RS
Canoas,4304606,66955,19228.44966,2022-03-24,0.0267,1790,348208.0,346616.0,True,669,city,RS
Canudos do Vale,4304614,238,13958.94428,2022-03-24,0.0252,6,1705.0,1716.0,True,627,city,RS
Capão Bonito do Sul,4304622,528,32175.50274,2022-03-24,0.0114,6,1641.0,1654.0,True,545,city,RS
Capão da Canoa,4304630,16117,29818.13472,2022-03-24,0.0151,244,54051.0,53049.0,True,667,city,RS
Capão do Cipó,4304655,563,15220.32982,2022-03-24,0.0107,6,3699.0,3651.0,True,582,city,RS
Capão do Leão,4304663,4862,19134.95218,2022-03-24,0.0191,93,25409.0,25354.0,True,659,city,RS
Capela de Santana,4304689,2007,16636.27321,2022-03-24,0.0159,32,12064.0,11940.0,True,600,city,RS
Capitão,4304697,688,24900.4705,2022-03-24,0.0044,3,2763.0,2757.0,True,618,city,RS
Capivari do Sul,4304671,1453,30731.81049,2022-03-24,0.0062,9,4728.0,4660.0,True,560,city,RS
Caraá,4304713,1269,15197.60479,2022-03-24,0.0221,28,8350.0,8270.0,True,592,city,RS
Carazinho,4304705,16918,27170.96282,2022-03-24,0.0174,294,62265.0,62110.0,True,640,city,RS
Carlos Barbosa,4304804,7233,23917.85986,2022-03-24,0.0084,61,30241.0,29833.0,True,669,city,RS
Carlos Gomes,4304853,197,14581.79127,2022-03-24,0.0051,1,1351.0,1377.0,True,555,city,RS
Casca,4304903,1911,21113.6891,2022-03-24,0.0115,22,9051.0,9031.0,True,614,city,RS
